{"type":"FeatureCollection","crs":{"type":"name","properties":{"name":"EPSG:4326"}},"features":[{"type":"Feature","geometry":{"type":"Polygon","coordinates":[[[-71.416795644328545,41.817480599944759],[-71.416885644105363,41.81755159935512],[-71.416903644494468,41.817566599451943],[-71.417740644442731,41.818268599787345],[-71.418457645027672,41.81886359966925],[-71.418544644600431,41.818931600200195],[-71.418724644577111,41.818863599811714],[-71.418831645167813,41.818818599907736],[-71.419228644855437,41.818646599532919],[-71.419281644748537,41.818623599767207],[-71.420174645451922,41.818230599281627],[-71.42056964517765,41.818046599423297],[-71.420935645811966,41.817877599532295],[-71.421135645426375,41.817784599446526],[-71.421349645626449,41.817688599657977],[-71.421459645341756,41.817642599070723],[-71.421577646123581,41.817601599831782],[-71.42178964567276,41.817525599828478],[-71.421715645261116,41.817471599194512],[-71.422043645633522,41.817299599628292],[-71.422264645315181,41.817177599228067],[-71.421600645208585,41.816388599595271],[-71.420662645300652,41.815293599005763],[-71.420601645105535,41.815396599118394],[-71.420509645558454,41.815533598945038],[-71.420410644925482,41.815663599093469],[-71.420219645179372,41.815876598975791],[-71.4200446444855,41.815987599215482],[-71.420006645510668,41.816010598986821],[-71.41979264532921,41.816105598724235],[-71.419655645146861,41.816162599022519],[-71.419113644553221,41.816403599224238],[-71.417946644498869,41.816925599645074],[-71.416977643722319,41.817356599817074],[-71.416840644011799,41.817444599084574],[-71.416795644328545,41.817480599944759]]]},"properties":{"TAZ":"741","Municipali":"Providence","SqMi":0.092972630000000001,"Prod2015":1333.1761469999999,"Attrac2015":1266.514909,"Jobs3013":181}},{"type":"Feature","geometry":{"type":"Polygon","coordinates":[[[-71.420601645105535,41.815396599118394],[-71.420280645576625,41.815236598646038],[-71.419655644490177,41.814900598818369],[-71.419411644214705,41.814770598686209],[-71.418938644055174,41.814522599091454],[-71.418739644367136,41.814415598778858],[-71.418076644419514,41.814061598916481],[-71.417480643805433,41.814690599220924],[-71.417142644063688,41.815037598674955],[-71.417053644345273,41.815129598847257],[-71.416702644227811,41.81550359872891],[-71.41587864329945,41.816365598951151],[-71.415756643951468,41.816487599401526],[-71.415672643492769,41.816578599165936],[-71.415962643246516,41.816819599787635],[-71.416222643604428,41.817017599115992],[-71.416723644039891,41.817422599129884],[-71.416795644328545,41.817480599944759],[-71.416840644011799,41.817444599084574],[-71.416977643722319,41.817356599817074],[-71.417946644498869,41.816925599645074],[-71.419113644553221,41.816403599224238],[-71.419655645146861,41.816162599022519],[-71.41979264532921,41.816105598724235],[-71.420006645510668,41.816010598986821],[-71.4200446444855,41.815987599215482],[-71.420219645179372,41.815876598975791],[-71.420410644925482,41.815663599093469],[-71.420509645558454,41.815533598945038],[-71.420601645105535,41.815396599118394]]]},"properties":{"TAZ":"740","Municipali":"Providence","SqMi":0.092972630000000001,"Prod2015":1064.6707759999999,"Attrac2015":2250.4793490000002,"Jobs3013":387}},{"type":"Feature","geometry":{"type":"Polygon","coordinates":[[[-71.413155642288118,41.81498059910043],[-71.412705643049676,41.815054599211713],[-71.411903642592151,41.815190599361408],[-71.411819642197301,41.815201599206738],[-71.411667642492759,41.815228598908476],[-71.411530642511821,41.815239599192964],[-71.4107596419651,41.815319599589294],[-71.410515642209958,41.815350599404219],[-71.410301642040139,41.815377599404194],[-71.410156642033314,41.815411599122505],[-71.409477641081409,41.815651599436528],[-71.410065641561786,41.816468599546262],[-71.410500642100629,41.817063599209874],[-71.410805641542538,41.817513599940824],[-71.411110641920345,41.817948600149919],[-71.410614642205928,41.818432599527696],[-71.411522642482296,41.818821599605954],[-71.411819642309013,41.81895160037714],[-71.411926642889995,41.819001600050569],[-71.412062642902754,41.819059599745295],[-71.412094642953605,41.819073600224954],[-71.412117642858817,41.819063599732225],[-71.412143642600213,41.819050599793393],[-71.412270642926075,41.818978600273034],[-71.412286642120662,41.818964599588121],[-71.412422642223021,41.818879599548104],[-71.412628642462636,41.818718599927365],[-71.412773643346668,41.818585600145539],[-71.412834643103935,41.818516600216022],[-71.412865643086562,41.818489600006451],[-71.412903642940094,41.818447600016654],[-71.413383643218481,41.817997599869841],[-71.413582643462775,41.817799600029097],[-71.413704643505085,41.817685599645351],[-71.41377364305815,41.817631599492373],[-71.413879643350526,41.817562599452152],[-71.413994642593522,41.817501599277499],[-71.414124642828924,41.81744059939787],[-71.414322643085711,41.817368599321931],[-71.414497643878178,41.81732659915447],[-71.414711643622098,41.817292599299634],[-71.414902643840449,41.817292599592761],[-71.414992642950793,41.817288599386373],[-71.41529164380438,41.816979599048956],[-71.415428643497847,41.816826599701727],[-71.415451643084239,41.816807599628525],[-71.415672643492769,41.816578599165936],[-71.415306643309506,41.816285599317226],[-71.415009643260674,41.816059599625433],[-71.414658642754603,41.815804599579494],[-71.414398642975328,41.815621599057032],[-71.414169642779783,41.815483599452854],[-71.413460643332954,41.81511759921414],[-71.413239642817288,41.815014599136646],[-71.413155642288118,41.81498059910043]]]},"properties":{"TAZ":"724","Municipali":"Providence","SqMi":0.67650195000000002,"Prod2015":2081.3352049999999,"Attrac2015":6247.9681060000003,"Jobs3013":1092}},{"type":"Feature","geometry":{"type":"Polygon","coordinates":[[[-71.421272644980604,41.810761598058384],[-71.421547645280839,41.811829597988556],[-71.421547644963852,41.811848597901744],[-71.421631645902664,41.812191598125274],[-71.421643645210267,41.812220598215426],[-71.421654644975817,41.812374598369288],[-71.421669645368681,41.812512598572269],[-71.421690645691584,41.812612598536873],[-71.42170764482448,41.812691598900642],[-71.421738645637632,41.812916598300383],[-71.421722645208533,41.813015598869619],[-71.421806644870458,41.81289359855964],[-71.421883645380987,41.812825598620705],[-71.421928644872992,41.812798598253245],[-71.422035645337616,41.812733598726211],[-71.422173645122982,41.81277559870248],[-71.422569645800849,41.812081598384367],[-71.423157645761975,41.811222597996149],[-71.42356964637905,41.810612597647584],[-71.423965646064005,41.810021597690159],[-71.424049645974264,41.809899597475678],[-71.424377645826468,41.809414597854165],[-71.424507645962635,41.809136597352683],[-71.424561646397407,41.809014597734738],[-71.424599646394725,41.808899597653259],[-71.4246296460758,41.808785597990713],[-71.424660646497642,41.808659597411136],[-71.424683646450504,41.808453597958234],[-71.424721645862164,41.808190597742197],[-71.42477464573831,41.807801597196075],[-71.424797646441078,41.807637597766707],[-71.424858645553499,41.807183597647835],[-71.42486664661746,41.807110597703677],[-71.424942645862913,41.806557597526648],[-71.423576645250435,41.806565596822267],[-71.422493645612036,41.806588597096145],[-71.420052645085121,41.806626597005312],[-71.420197644172603,41.807103597589965],[-71.420242644594538,41.807255597659505],[-71.420433644401243,41.807843597929356],[-71.420456645299723,41.807896597209378],[-71.420639644836712,41.808495597316757],[-71.420677644848666,41.80860259773555],[-71.420845644404466,41.809155597602064],[-71.42084664514411,41.809173597933601],[-71.420929645507059,41.809491597438296],[-71.421005644710917,41.809780598333646],[-71.421051645316538,41.809933598083333],[-71.421082645336199,41.810040598032487],[-71.421272644980604,41.810761598058384]]]},"properties":{"TAZ":"702","Municipali":"Providence","SqMi":0.065597989999999995,"Prod2015":3268.054932,"Attrac2015":5401.8632449999996,"Jobs3013":687}},{"type":"Feature","geometry":{"type":"Polygon","coordinates":[[[-71.421722645208533,41.813015598869619],[-71.421661645156192,41.813206598975896],[-71.421577645932643,41.813481598718504],[-71.421440644917382,41.813908598321611],[-71.42129564479157,41.814160599185968],[-71.421143645743555,41.814438598712563],[-71.420952645573621,41.814762598445334],[-71.420662645300652,41.815293599005763],[-71.421600645208585,41.816388599595271],[-71.422264645315181,41.817177599228067],[-71.422440645538842,41.817078599650316],[-71.422821646138274,41.816803599493653],[-71.424156646508962,41.815827598711913],[-71.424515646741128,41.815567598740074],[-71.425133646466548,41.815106598959169],[-71.42589664687101,41.814545598487733],[-71.426231647069486,41.814328598623611],[-71.426933647623571,41.813965598320081],[-71.426552646895786,41.81345859812631],[-71.426468646615888,41.81335159821554],[-71.426147646871243,41.813004598717427],[-71.426109646725152,41.812977598245475],[-71.426041647306789,41.812924598192524],[-71.425926646356061,41.812851598223951],[-71.425895646577189,41.812839598284967],[-71.425789646914879,41.812794598308173],[-71.425652646582179,41.812764598574674],[-71.425461647069156,41.812748598179603],[-71.425117647033616,41.812752597965513],[-71.423882645817713,41.812775598543894],[-71.423531646124331,41.812779598846006],[-71.422791645637673,41.812783598391562],[-71.422173645122982,41.81277559870248],[-71.422035645337616,41.812733598726211],[-71.421928644872992,41.812798598253245],[-71.421883645380987,41.812825598620705],[-71.421806644870458,41.81289359855964],[-71.421722645208533,41.813015598869619]]]},"properties":{"TAZ":"772","Municipali":"Providence","SqMi":0.094707769999999997,"Prod2015":2423.4609380000002,"Attrac2015":2210.1677140000002,"Jobs3013":302}},{"type":"Feature","geometry":{"type":"Polygon","coordinates":[[[-71.422264645315181,41.817177599228067],[-71.422333645392229,41.817421599584605],[-71.423584646320464,41.817318599531525],[-71.424637646725913,41.817246598923489],[-71.425034646906838,41.817215598841422],[-71.425148646534723,41.817208599198587],[-71.425537646545493,41.81718559889724],[-71.426132647649098,41.817147598793653],[-71.426254647027775,41.817139599316512],[-71.427185647288553,41.817059599174392],[-71.428406647685264,41.816925599064241],[-71.428062648179164,41.816201599059994],[-71.427940647697653,41.815953599251657],[-71.427605647212701,41.815300598914462],[-71.42721664741444,41.814465598927377],[-71.427167647680207,41.814378598491871],[-71.426933647623571,41.813965598320081],[-71.426231647069486,41.814328598623611],[-71.42589664687101,41.814545598487733],[-71.425133646466548,41.815106598959169],[-71.424515646741128,41.815567598740074],[-71.424156646508962,41.815827598711913],[-71.422821646138274,41.816803599493653],[-71.422440645538842,41.817078599650316],[-71.422264645315181,41.817177599228067]]]},"properties":{"TAZ":"771","Municipali":"Providence","SqMi":0.094707769999999997,"Prod2015":1861.600586,"Attrac2015":1238.951386,"Jobs3013":157}},{"type":"Feature","geometry":{"type":"Polygon","coordinates":[[[-71.422264645315181,41.817177599228067],[-71.422043645633522,41.817299599628292],[-71.421715645261116,41.817471599194512],[-71.42178964567276,41.817525599828478],[-71.421577646123581,41.817601599831782],[-71.421459645341756,41.817642599070723],[-71.421349645626449,41.817688599657977],[-71.421135645426375,41.817784599446526],[-71.420935645811966,41.817877599532295],[-71.42056964517765,41.818046599423297],[-71.420174645451922,41.818230599281627],[-71.420349645599188,41.818436599881437],[-71.420517645387235,41.81872259964225],[-71.420738645919442,41.819081599333643],[-71.420937645612398,41.819405599802664],[-71.420959645019238,41.81945159983885],[-71.420975646016274,41.819485599605862],[-71.421074645007451,41.819619599633043],[-71.421204645214146,41.819775599954369],[-71.421295645069961,41.819893599747544],[-71.421455645682073,41.82008859967037],[-71.42164664583602,41.820320600196808],[-71.421890645668654,41.820618599888448],[-71.422073646040701,41.820851599924481],[-71.422318646477649,41.821148599981008],[-71.422523646319164,41.821412600265958],[-71.422958646447327,41.821312600313902],[-71.423347646004515,41.821217600029335],[-71.423866647073694,41.821099599930548],[-71.424149646754884,41.821022600058832],[-71.424202647141911,41.821011599569857],[-71.425255646632564,41.820778599882708],[-71.425697647268251,41.820660599896591],[-71.425468647423742,41.820095599537325],[-71.425301646918356,41.819882600141952],[-71.424911646907972,41.819355599810699],[-71.424797647159906,41.818615599139356],[-71.424713646719695,41.817952599769605],[-71.424637646725913,41.817246598923489],[-71.423584646320464,41.817318599531525],[-71.422333645392229,41.817421599584605],[-71.422264645315181,41.817177599228067]]]},"properties":{"TAZ":"769","Municipali":"Providence","SqMi":0.10172788000000001,"Prod2015":2892.109375,"Attrac2015":6883.2588599999999,"Jobs3013":1113}},{"type":"Feature","geometry":{"type":"Polygon","coordinates":[[[-71.418544644600431,41.818931600200195],[-71.41894564543378,41.819260600018708],[-71.4193576456057,41.819630599548752],[-71.419456644576357,41.819725600013548],[-71.419525644980382,41.819798600266658],[-71.419579644523068,41.819855599928594],[-71.419830644610315,41.82016859958798],[-71.419891645745693,41.820263600155236],[-71.420074645668024,41.820572600225404],[-71.420151645075904,41.820725600003371],[-71.420181644928803,41.820801599679029],[-71.420227645399549,41.82095460036544],[-71.420242645260316,41.82098060000618],[-71.420311645357941,41.821190600061563],[-71.420357644926355,41.821419600211698],[-71.420357645843552,41.821495600638329],[-71.420364645254992,41.821522600393848],[-71.420364645589629,41.821751600142335],[-71.420357645932768,41.821900600699934],[-71.420464645017319,41.821873600701075],[-71.420799645020409,41.821789599923285],[-71.42103664516695,41.821736599786988],[-71.421555645553411,41.821659599933113],[-71.421768646506692,41.821598600377747],[-71.421989646367095,41.821545599980425],[-71.422073646199408,41.821522600178483],[-71.422340646244194,41.821461600165271],[-71.422523646319164,41.821412600265958],[-71.422318646477649,41.821148599981008],[-71.422073646040701,41.820851599924481],[-71.421890645668654,41.820618599888448],[-71.42164664583602,41.820320600196808],[-71.421455645682073,41.82008859967037],[-71.421295645069961,41.819893599747544],[-71.421204645214146,41.819775599954369],[-71.421074645007451,41.819619599633043],[-71.420975646016274,41.819485599605862],[-71.420959645019238,41.81945159983885],[-71.420937645612398,41.819405599802664],[-71.420738645919442,41.819081599333643],[-71.420517645387235,41.81872259964225],[-71.420349645599188,41.818436599881437],[-71.420174645451922,41.818230599281627],[-71.419281644748537,41.818623599767207],[-71.419228644855437,41.818646599532919],[-71.418831645167813,41.818818599907736],[-71.418724644577111,41.818863599811714],[-71.418544644600431,41.818931600200195]]]},"properties":{"TAZ":"767","Municipali":"Providence","SqMi":0.10172788000000001,"Prod2015":1062.1759030000001,"Attrac2015":2247.4135959999999,"Jobs3013":382}},{"type":"Feature","geometry":{"type":"Polygon","coordinates":[[[-71.416795644328545,41.817480599944759],[-71.416739644394738,41.817525599825331],[-71.416641643997977,41.81760459939396],[-71.416573644429874,41.817673599875121],[-71.416466644474283,41.817765599980874],[-71.416336644225396,41.817879599271798],[-71.416267644380227,41.817955599890297],[-71.415894643251349,41.818352600089042],[-71.415436643512834,41.81884860009761],[-71.414932643362519,41.819386600183982],[-71.414528643657434,41.819840600455898],[-71.414314643680612,41.820042599893192],[-71.414345643350018,41.820065599701437],[-71.414536643856366,41.820281600391525],[-71.41463564301263,41.820393599825934],[-71.414780643979512,41.820542600386197],[-71.414803643217581,41.820568600370258],[-71.41521564341204,41.820908600021681],[-71.415314643251719,41.820980600338622],[-71.415588643324114,41.821190600212439],[-71.416451644560269,41.82183159994274],[-71.416824644854628,41.821549600444847],[-71.417198644249041,41.821270600375378],[-71.417946644928577,41.820767600138531],[-71.418030644788146,41.820716600002221],[-71.418846644711209,41.820221599563894],[-71.419173645562324,41.820015599910612],[-71.419351644942211,41.819903600204043],[-71.419525644980382,41.819798600266658],[-71.419456644576357,41.819725600013548],[-71.4193576456057,41.819630599548752],[-71.41894564543378,41.819260600018708],[-71.418544644600431,41.818931600200195],[-71.418457645027672,41.81886359966925],[-71.417740644442731,41.818268599787345],[-71.416903644494468,41.817566599451943],[-71.416885644105363,41.81755159935512],[-71.416795644328545,41.817480599944759]]]},"properties":{"TAZ":"747","Municipali":"Providence","SqMi":0.064221920000000002,"Prod2015":10828.130859999999,"Attrac2015":35306.041700000002,"Jobs3013":6253}},{"type":"Feature","geometry":{"type":"Polygon","coordinates":[[[-71.425255646632564,41.820778599882708],[-71.425468646929886,41.821312599605129],[-71.425828647828197,41.821883599738577],[-71.426208647730732,41.822495600422208],[-71.426582647822144,41.82235059988281],[-71.427391647815085,41.822064599709691],[-71.428238648295732,41.821808599799652],[-71.428776648620115,41.821618599986266],[-71.429016648789613,41.821534600031129],[-71.429222648241151,41.821488600001423],[-71.429428648172504,41.821381599744051],[-71.430367649236914,41.820805600182346],[-71.430496648190768,41.820965599468884],[-71.431770649559823,41.820691600023238],[-71.431503648798781,41.820057599618714],[-71.431221648283838,41.819371599373561],[-71.430367648555531,41.819569599202786],[-71.429359648567925,41.819806599871484],[-71.428185647347149,41.820084599378561],[-71.42810164762875,41.820103599842099],[-71.427868648103839,41.820156599977572],[-71.427361647677827,41.820275599937148],[-71.426537647148663,41.820473600126476],[-71.425697647268251,41.820660599896591],[-71.425255646632564,41.820778599882708]]]},"properties":{"TAZ":"765","Municipali":"Providence","SqMi":0.052610669999999998,"Prod2015":2071.1071780000002,"Attrac2015":914.25749599999995,"Jobs3013":83}},{"type":"Feature","geometry":{"type":"Polygon","coordinates":[[[-71.419525644980382,41.819798600266658],[-71.419351644942211,41.819903600204043],[-71.419173645562324,41.820015599910612],[-71.418846644711209,41.820221599563894],[-71.418030644788146,41.820716600002221],[-71.417946644928577,41.820767600138531],[-71.417198644249041,41.821270600375378],[-71.416824644854628,41.821549600444847],[-71.416451644560269,41.82183159994274],[-71.415909644040653,41.822224600915092],[-71.415497644364947,41.822529600326185],[-71.415428643402095,41.822583600566425],[-71.414795643403366,41.82305960087254],[-71.414375643818815,41.823349600518455],[-71.41399464368385,41.823609600581143],[-71.413399642771537,41.824017600870995],[-71.413734643210532,41.824303600995883],[-71.414047643180069,41.824543600616096],[-71.414383643918057,41.824807600669835],[-71.414192643904244,41.824837600631106],[-71.414436644009257,41.824883600924025],[-71.41459264366334,41.824923601165089],[-71.414627643825725,41.824932600868351],[-71.41473464423143,41.824994601205432],[-71.414795644180202,41.825035601120504],[-71.415131643904999,41.824913600819187],[-71.415337643751513,41.824845600709452],[-71.415672644391293,41.824871601337655],[-71.415947644155622,41.824864601065656],[-71.41815264440902,41.824818601334563],[-71.418396645502597,41.824818601160899],[-71.41870964520632,41.824837600568479],[-71.41876264491259,41.824845600666507],[-71.418884645235494,41.824860601007458],[-71.41893864485607,41.82487560097163],[-71.418983644815455,41.824883600724341],[-71.419098645068871,41.824910601031085],[-71.419235645864958,41.824953601324673],[-71.419395645777868,41.825001600975419],[-71.419456644965081,41.824826600605874],[-71.419467645178457,41.824810601177326],[-71.419746645670642,41.824021600848155],[-71.420050645458673,41.823205600629834],[-71.420055646031031,41.823192600498963],[-71.420067645542019,41.823159600582869],[-71.420090645917867,41.823082600597388],[-71.420113645139224,41.82303360028088],[-71.420265645576066,41.822575600242104],[-71.420334645424333,41.822304600712492],[-71.420349644949965,41.822045600347387],[-71.420349644997714,41.821976600073953],[-71.420357645789665,41.821938600459596],[-71.420357645932768,41.821900600699934],[-71.420364645589629,41.821751600142335],[-71.420364645254992,41.821522600393848],[-71.420357645843552,41.821495600638329],[-71.420357644926355,41.821419600211698],[-71.420311645357941,41.821190600061563],[-71.420242645260316,41.82098060000618],[-71.420227645399549,41.82095460036544],[-71.420181644928803,41.820801599679029],[-71.420151645075904,41.820725600003371],[-71.420074645668024,41.820572600225404],[-71.419891645745693,41.820263600155236],[-71.419830644610315,41.82016859958798],[-71.419579644523068,41.819855599928594],[-71.419525644980382,41.819798600266658]]]},"properties":{"TAZ":"746","Municipali":"Providence","SqMi":0.26674832999999998,"Prod2015":4165.8330079999996,"Attrac2015":8925.0393139999996,"Jobs3013":1519}},{"type":"Feature","geometry":{"type":"Polygon","coordinates":[[[-71.414314643680612,41.820042599893192],[-71.414223643531116,41.82017959981777],[-71.414102642784329,41.820262600026069],[-71.414055643327544,41.820294599887148],[-71.413872643706441,41.820404600577497],[-71.413660643668308,41.820495600004783],[-71.413539643294655,41.820549600550706],[-71.413445642888149,41.820591599970101],[-71.413379643585472,41.820632600343906],[-71.413277643165301,41.820694600056704],[-71.413109643309014,41.820843600086469],[-71.412979643220069,41.821003600206126],[-71.412865643566462,41.821171600131187],[-71.412827642650058,41.821225600723423],[-71.412697642798406,41.821335600114679],[-71.412666643275003,41.821373600623325],[-71.412659643392544,41.821401600386309],[-71.412666643325636,41.821427600333095],[-71.412689642609536,41.821457600047857],[-71.412750643249353,41.821518600332404],[-71.412819642655393,41.821576600418489],[-71.413078642674691,41.821766600115737],[-71.413635643530213,41.822178600849028],[-71.414268643493898,41.822663600251801],[-71.41446764317925,41.822808600709664],[-71.414597643823711,41.822903600477325],[-71.414795643403366,41.82305960087254],[-71.415428643402095,41.822583600566425],[-71.415497644364947,41.822529600326185],[-71.415909644040653,41.822224600915092],[-71.416451644560269,41.82183159994274],[-71.415588643324114,41.821190600212439],[-71.415314643251719,41.820980600338622],[-71.41521564341204,41.820908600021681],[-71.414803643217581,41.820568600370258],[-71.414780643979512,41.820542600386197],[-71.41463564301263,41.820393599825934],[-71.414536643856366,41.820281600391525],[-71.414345643350018,41.820065599701437],[-71.414314643680612,41.820042599893192]]]},"properties":{"TAZ":"755","Municipali":"Providence","SqMi":0.15750188000000001,"Prod2015":670.25311299999998,"Attrac2015":2060.1707310000002,"Jobs3013":329}},{"type":"Feature","geometry":{"type":"Polygon","coordinates":[[[-71.412094642953605,41.819073600224954],[-71.411972643137673,41.819138599631515],[-71.411896642473934,41.819172600354378],[-71.41162164296189,41.819275599663477],[-71.411575642322575,41.819298600379248],[-71.41131664291288,41.819405599779401],[-71.411148642675215,41.819462600173175],[-71.410688642475876,41.819615600272272],[-71.410262642312773,41.819760600354464],[-71.410362642273142,41.819813600445151],[-71.410492641902152,41.81976059972564],[-71.410605642418616,41.819709600593391],[-71.41046064225803,41.819871600281097],[-71.411110642073467,41.820237600110879],[-71.411194642104874,41.820286600383845],[-71.411804642215571,41.820607600531702],[-71.411859642900268,41.82063660039411],[-71.412766643283305,41.821110600765437],[-71.412865643566462,41.821171600131187],[-71.412979643220069,41.821003600206126],[-71.413109643309014,41.820843600086469],[-71.413277643165301,41.820694600056704],[-71.413379643585472,41.820632600343906],[-71.413445642888149,41.820591599970101],[-71.413539643294655,41.820549600550706],[-71.413660643668308,41.820495600004783],[-71.413872643706441,41.820404600577497],[-71.414055643327544,41.820294599887148],[-71.414102642784329,41.820262600026069],[-71.414223643531116,41.82017959981777],[-71.414314643680612,41.820042599893192],[-71.413605642592984,41.819744599951107],[-71.412933643003171,41.81944759963806],[-71.412231642971477,41.819134600419169],[-71.412094642953605,41.819073600224954]]]},"properties":{"TAZ":"754","Municipali":"Providence","SqMi":0.15750188000000001,"Prod2015":2776.5590820000002,"Attrac2015":9822.8437439999998,"Jobs3013":1743}},{"type":"Feature","geometry":{"type":"Polygon","coordinates":[[[-71.410262642312773,41.819760600354464],[-71.409874642168319,41.819897600335622],[-71.409743641353231,41.81994559997684],[-71.408730641752655,41.820320599920585],[-71.408539641813036,41.82038260031176],[-71.408485641468019,41.820393599980861],[-71.408379640881364,41.820427600575371],[-71.408386641448956,41.820469600737276],[-71.408386640912852,41.820504600570494],[-71.40840164164014,41.820629600489617],[-71.408424641963265,41.820938600338998],[-71.408531641010001,41.821190600811732],[-71.408607641343352,41.821320600214925],[-71.408821641598465,41.821556600901168],[-71.409035642167069,41.821724600283005],[-71.409470641369481,41.821988600446055],[-71.409622641710399,41.822083600682681],[-71.410126642714744,41.82242260052638],[-71.410446642778368,41.822640600393733],[-71.410866642432254,41.822960600893126],[-71.410980642495247,41.823075600590791],[-71.411179642932566,41.822918601177193],[-71.4113696420753,41.822716600874713],[-71.411438643185889,41.822647600707761],[-71.411873642511281,41.822144600992971],[-71.412094643352901,41.82190460097474],[-71.41218664229514,41.821804600323638],[-71.412369642446706,41.821583600298311],[-71.412468643174634,41.8214766001092],[-71.412544642598021,41.821404600159219],[-71.412590642505975,41.821370600506526],[-71.412697642798406,41.821335600114679],[-71.412827642650058,41.821225600723423],[-71.412865643566462,41.821171600131187],[-71.412766643283305,41.821110600765437],[-71.411859642900268,41.82063660039411],[-71.411804642215571,41.820607600531702],[-71.411194642104874,41.820286600383845],[-71.411110642073467,41.820237600110879],[-71.41046064225803,41.819871600281097],[-71.410605642418616,41.819709600593391],[-71.410492641902152,41.81976059972564],[-71.410362642273142,41.819813600445151],[-71.410262642312773,41.819760600354464]]]},"properties":{"TAZ":"753","Municipali":"Providence","SqMi":0.15750188000000001,"Prod2015":474.35021999999998,"Attrac2015":2042.2078919999999,"Jobs3013":272}},{"type":"Feature","geometry":{"type":"Polygon","coordinates":[[[-71.412498642598194,41.813832599236555],[-71.412315642914294,41.813290599059115],[-71.412054641897143,41.812572598585341],[-71.411819641675734,41.811924598256617],[-71.411690642373188,41.811608598936878],[-71.411690641469363,41.811585598803752],[-71.411705641762651,41.811554598959596],[-71.41120964180287,41.810234598092165],[-71.40972964130215,41.810452598716331],[-71.408653640561297,41.810601598391116],[-71.407555640368699,41.810757598350584],[-71.407181640994807,41.810826598800737],[-71.407074640822458,41.811692598862393],[-71.40701364028709,41.812172599127251],[-71.407333641160236,41.812634598838279],[-71.407532640900428,41.812821598986822],[-71.40757864018569,41.812857599249114],[-71.408150640873757,41.813301598688291],[-71.40831064123573,41.81338559872065],[-71.408646640743129,41.81337859884934],[-71.40911964173246,41.813370599039303],[-71.410280641332378,41.813342598976107],[-71.41031064189491,41.813392598561251],[-71.410397641722852,41.81353959858918],[-71.41059164233009,41.813659598702465],[-71.410825641761605,41.813753598868878],[-71.411059642031404,41.813806598807581],[-71.411186641909879,41.813888599326297],[-71.411797642160536,41.813877598822508],[-71.412498642598194,41.813832599236555]]]},"properties":{"TAZ":"722","Municipali":"Providence","SqMi":0.67650195000000002,"Prod2015":15333.065430000001,"Attrac2015":53997.029090000004,"Jobs3013":9643}},{"type":"Feature","geometry":{"type":"Polygon","coordinates":[[[-71.408821641598465,41.821556600901168],[-71.408379641276824,41.822037600816699],[-71.408218641928983,41.822216600373217],[-71.408241641508141,41.822457601085908],[-71.408241641393388,41.822522601139951],[-71.408279641697391,41.822777600596318],[-71.408294641684463,41.822842600918115],[-71.408310641857796,41.822956601241508],[-71.408318641346696,41.823059601123319],[-71.408368641080955,41.823539600557346],[-71.408379642170786,41.823639601085418],[-71.408386641685738,41.823861600778642],[-71.408394641344088,41.823986601344266],[-71.4084326413155,41.824211601361505],[-71.40843264136619,41.824238600752565],[-71.408447641526308,41.824299600828176],[-71.408508642026476,41.824475601037186],[-71.408371641362891,41.824284600893151],[-71.408325641749556,41.824200601200573],[-71.408226641213474,41.824101600911263],[-71.408090641005245,41.824145600728407],[-71.408114641406726,41.824214601266192],[-71.408163641465165,41.824261601275587],[-71.40817164189734,41.824306601253802],[-71.40814064164752,41.824329600858576],[-71.408329641990463,41.824674600886745],[-71.408634641964923,41.825195601273983],[-71.408561641971303,41.825222601097835],[-71.408596642019731,41.825300601069216],[-71.408636641696674,41.82535960153632],[-71.408730642067695,41.825325601105419],[-71.408813641497758,41.825314600945866],[-71.408943641827491,41.825299600869165],[-71.409019641824813,41.825287601037232],[-71.409340641777987,41.825261600919198],[-71.409409642006324,41.825226601529508],[-71.409454641598344,41.825196601676204],[-71.409516641587587,41.825146601546244],[-71.409653641780139,41.824990601276212],[-71.409668642015944,41.824932601483333],[-71.409686642542326,41.824781600751798],[-71.409691642146299,41.824742601063846],[-71.409691641858174,41.824379601167934],[-71.409698642385152,41.824314601235862],[-71.40970664159947,41.824185601429981],[-71.409798641845128,41.824005601233978],[-71.409912641606411,41.82387260065034],[-71.410080641998121,41.823731601297332],[-71.410278642031926,41.823578601090027],[-71.410576642731556,41.823353600809348],[-71.410698642353523,41.823262601115999],[-71.410980642495247,41.823075600590791],[-71.410866642432254,41.822960600893126],[-71.410446642778368,41.822640600393733],[-71.410126642714744,41.82242260052638],[-71.409622641710399,41.822083600682681],[-71.409470641369481,41.821988600446055],[-71.409035642167069,41.821724600283005],[-71.408821641598465,41.821556600901168]]]},"properties":{"TAZ":"751","Municipali":"Providence","SqMi":0.15750188000000001,"Prod2015":4550.515625,"Attrac2015":15992.88781,"Jobs3013":2857}},{"type":"Feature","geometry":{"type":"Polygon","coordinates":[[[-71.414795644180202,41.825035601120504],[-71.414841644115668,41.82506260130576],[-71.414925644166388,41.825177600914266],[-71.415131644544047,41.825505601182435],[-71.415268644275642,41.825776601006758],[-71.415344644498916,41.825905600976832],[-71.415413644324829,41.826054601284497],[-71.415474644317698,41.826237601485197],[-71.415497643937528,41.826367601324577],[-71.415504644060064,41.826504601232962],[-71.4155046436193,41.826638601459457],[-71.41549764371787,41.826802601246648],[-71.415466644287775,41.826992601378834],[-71.415466644721647,41.827042601728643],[-71.415462643652575,41.82706260162491],[-71.415843644867863,41.827100601101002],[-71.416163644043948,41.827165601004154],[-71.416251644967531,41.827190600995387],[-71.416373644795343,41.827225601435558],[-71.416451644239302,41.827247601263757],[-71.416564644053693,41.827280601603164],[-71.416663644860691,41.827308601095076],[-71.417670644801845,41.827591601624185],[-71.417934645342413,41.827665601249585],[-71.417996644627081,41.827683601892929],[-71.418218645073068,41.827748601694189],[-71.418377644906613,41.82779560175161],[-71.418434644992757,41.827633601870126],[-71.418642645295577,41.827072601155379],[-71.418674644783493,41.826988601438366],[-71.418687645129324,41.826950601011589],[-71.418747645683226,41.826790600927687],[-71.418809645699156,41.826624601458469],[-71.418905644661535,41.826357601560872],[-71.419004645537839,41.826079601537536],[-71.419014645841145,41.826062601173646],[-71.419060645587592,41.825943601498409],[-71.419075645707096,41.82589060097127],[-71.419090644972158,41.825852600999333],[-71.419243645636683,41.825432601181191],[-71.41929664543737,41.825287600907266],[-71.419327644873945,41.825188600619633],[-71.419395645777868,41.825001600975419],[-71.419235645864958,41.824953601324673],[-71.419098645068871,41.824910601031085],[-71.418983644815455,41.824883600724341],[-71.41893864485607,41.82487560097163],[-71.418884645235494,41.824860601007458],[-71.41876264491259,41.824845600666507],[-71.41870964520632,41.824837600568479],[-71.418396645502597,41.824818601160899],[-71.41815264440902,41.824818601334563],[-71.415947644155622,41.824864601065656],[-71.415672644391293,41.824871601337655],[-71.415337643751513,41.824845600709452],[-71.415131643904999,41.824913600819187],[-71.414795644180202,41.825035601120504]]]},"properties":{"TAZ":"744","Municipali":"Providence","SqMi":0.26674832999999998,"Prod2015":821.50561500000003,"Attrac2015":2139.677604,"Jobs3013":309}},{"type":"Feature","geometry":{"type":"Polygon","coordinates":[[[-71.413399642771537,41.824017600870995],[-71.412766643364776,41.824456601211416],[-71.412697643624881,41.824505601106488],[-71.412491643060903,41.824643600604411],[-71.412048643408355,41.824944601495574],[-71.41151464251314,41.825337601136383],[-71.41102664264568,41.825722601075341],[-71.410782642599614,41.825913601641922],[-71.41028664245313,41.826279601321403],[-71.410149642151225,41.826355601744353],[-71.410049642357336,41.826416601614767],[-71.410011642060027,41.826439601636388],[-71.409983642713712,41.826454601863297],[-71.41001764202673,41.826479601217258],[-71.410129642795738,41.826562601158479],[-71.410164642718215,41.826586601874475],[-71.410427642338604,41.826767601716561],[-71.410544642480815,41.826835601891098],[-71.410690642814899,41.826919601919442],[-71.410831642479877,41.82696160154768],[-71.411010642787787,41.826999601428462],[-71.411247642401392,41.827035601185358],[-71.411432642497189,41.827053601302758],[-71.411693643257763,41.827058601949545],[-71.411855643194727,41.827057601846732],[-71.412071643601763,41.82703860186168],[-71.412206643167863,41.827017601161579],[-71.412390643447395,41.826988601254918],[-71.412557642858317,41.826953601756465],[-71.412654643015841,41.826928601100597],[-71.412840643063902,41.826870601159712],[-71.413493643301024,41.82664860108229],[-71.413717643262999,41.826567601245785],[-71.413739643321776,41.826606601567363],[-71.413856643361328,41.826575601544015],[-71.413891643590517,41.82655460125725],[-71.413882643910426,41.826514601430659],[-71.413996643855953,41.826511601374008],[-71.414112643474368,41.826524601732082],[-71.414210643496617,41.826557601278012],[-71.414295644299685,41.826610601087317],[-71.414351643892132,41.826661601167871],[-71.414395643490309,41.826731601145823],[-71.41441464368782,41.826803601044062],[-71.414414643892769,41.826839601116895],[-71.41439364419692,41.826852601676485],[-71.414391643212596,41.826883601573101],[-71.4143656435038,41.826884601378168],[-71.41435464338268,41.826924601560627],[-71.414354644027043,41.826947601632092],[-71.41438064368046,41.826956600999154],[-71.415462643652575,41.82706260162491],[-71.415466644721647,41.827042601728643],[-71.415466644287775,41.826992601378834],[-71.41549764371787,41.826802601246648],[-71.4155046436193,41.826638601459457],[-71.415504644060064,41.826504601232962],[-71.415497643937528,41.826367601324577],[-71.415474644317698,41.826237601485197],[-71.415413644324829,41.826054601284497],[-71.415344644498916,41.825905600976832],[-71.415268644275642,41.825776601006758],[-71.415131644544047,41.825505601182435],[-71.414925644166388,41.825177600914266],[-71.414841644115668,41.82506260130576],[-71.414795644180202,41.825035601120504],[-71.41473464423143,41.824994601205432],[-71.414627643825725,41.824932600868351],[-71.41459264366334,41.824923601165089],[-71.414436644009257,41.824883600924025],[-71.414192643904244,41.824837600631106],[-71.414383643918057,41.824807600669835],[-71.414047643180069,41.824543600616096],[-71.413734643210532,41.824303600995883],[-71.413399642771537,41.824017600870995]]]},"properties":{"TAZ":"745","Municipali":"Providence","SqMi":0.26674832999999998,"Prod2015":2572.4167480000001,"Attrac2015":9917.5829489999996,"Jobs3013":1557}},{"type":"Feature","geometry":{"type":"Polygon","coordinates":[[[-71.412697642798406,41.821335600114679],[-71.412590642505975,41.821370600506526],[-71.412544642598021,41.821404600159219],[-71.412468643174634,41.8214766001092],[-71.412369642446706,41.821583600298311],[-71.41218664229514,41.821804600323638],[-71.412094643352901,41.82190460097474],[-71.411873642511281,41.822144600992971],[-71.411438643185889,41.822647600707761],[-71.4113696420753,41.822716600874713],[-71.411179642932566,41.822918601177193],[-71.410980642495247,41.823075600590791],[-71.411011642369473,41.823105600530106],[-71.411339642265233,41.823365600440418],[-71.411583642984439,41.823559601085897],[-71.411667643259037,41.823620600716382],[-71.412308643464641,41.824105600743103],[-71.412354642413419,41.824135600959679],[-71.412555642815079,41.824288601236859],[-71.412575642833133,41.82429960060562],[-71.412766643364776,41.824456601211416],[-71.413399642771537,41.824017600870995],[-71.41399464368385,41.823609600581143],[-71.414375643818815,41.823349600518455],[-71.414795643403366,41.82305960087254],[-71.414597643823711,41.822903600477325],[-71.41446764317925,41.822808600709664],[-71.414268643493898,41.822663600251801],[-71.413635643530213,41.822178600849028],[-71.413078642674691,41.821766600115737],[-71.412819642655393,41.821576600418489],[-71.412750643249353,41.821518600332404],[-71.412689642609536,41.821457600047857],[-71.412666643325636,41.821427600333095],[-71.412659643392544,41.821401600386309],[-71.412666643275003,41.821373600623325],[-71.412697642798406,41.821335600114679]]]},"properties":{"TAZ":"756","Municipali":"Providence","SqMi":0.15750188000000001,"Prod2015":9909.0234380000002,"Attrac2015":32851.51496,"Jobs3013":5742}},{"type":"Feature","geometry":{"type":"Polygon","coordinates":[[[-71.439918652297649,41.822583599597344],[-71.4399376520213,41.822480599812579],[-71.440094652141454,41.821797599955495],[-71.440201651534764,41.821278599597598],[-71.440384651919729,41.820244599677956],[-71.440498651873028,41.819519599195289],[-71.44059065228609,41.818970599247564],[-71.440643652143208,41.818694599274011],[-71.440765652334065,41.818062598673052],[-71.440842651636672,41.817788598888775],[-71.440850652387894,41.817735599037739],[-71.440910651964003,41.817360599189769],[-71.440964651883363,41.817013598610096],[-71.440979651990617,41.816883598869694],[-71.441269651782932,41.816788598549877],[-71.441358651619552,41.816762598948685],[-71.441589651590121,41.81669359834833],[-71.441757652159254,41.816651599001773],[-71.442047652259134,41.81663659832423],[-71.441864651905604,41.816605598951398],[-71.441628652332994,41.816574598479434],[-71.441277652557076,41.816521598382678],[-71.440933652243189,41.81641459835074],[-71.44059065121958,41.816330598819086],[-71.439922651769166,41.816103598635209],[-71.439875651716818,41.816087598392237],[-71.439850651078913,41.816201598209631],[-71.439602650927199,41.817154598887392],[-71.439566651861355,41.817284599100972],[-71.439555651547749,41.817326598722843],[-71.4394646516553,41.817538599113242],[-71.439172651858101,41.818074598788925],[-71.439047651121712,41.81828259860508],[-71.438352651312456,41.819378598794088],[-71.438320651379485,41.819428599142604],[-71.438294651563979,41.81946959929828],[-71.437923651631706,41.820053598928119],[-71.43749665108804,41.820725599432855],[-71.437473651139499,41.820762599912491],[-71.437427650722427,41.820855599840826],[-71.436867651447997,41.821688599875046],[-71.436594650456456,41.822041599887335],[-71.436335651314991,41.822339599804735],[-71.436191651041554,41.822494599905042],[-71.436073650513606,41.822621600208109],[-71.435817650163543,41.82287459979603],[-71.435530650492282,41.823149600125745],[-71.435201650960394,41.82341860048458],[-71.434609650092995,41.823846599976108],[-71.434321650105218,41.824034600422358],[-71.434078650011401,41.824177599973808],[-71.433895649817075,41.824275600349466],[-71.433959650636453,41.824285600322014],[-71.434050649962359,41.824300600043507],[-71.434242649737712,41.824334600703821],[-71.434593650257,41.824387600621712],[-71.435493650491395,41.824471599847548],[-71.435806650882867,41.824471600516517],[-71.436516651483672,41.824482600182534],[-71.437775650952148,41.824505600367715],[-71.438209651581872,41.824519599929566],[-71.438312651358302,41.824522600297918],[-71.438622651266968,41.824532599860333],[-71.439476652264318,41.824570599849473],[-71.439537651977332,41.82434159991351],[-71.43953765194837,41.82431859983059],[-71.439575652128312,41.824143600049155],[-71.439758652169971,41.823265599969595],[-71.439903651539211,41.82262559982221],[-71.439914651625955,41.822602600084451],[-71.439918652297649,41.822583599597344]]]},"properties":{"TAZ":"813","Municipali":"Providence","SqMi":0.081510029999999997,"Prod2015":2011.4296879999999,"Attrac2015":1445.850946,"Jobs3013":99}},{"type":"Feature","geometry":{"type":"Polygon","coordinates":[[[-71.433895649817075,41.824275600349466],[-71.433640650451096,41.824227600262191],[-71.433540649813722,41.824274600516716],[-71.43351065017896,41.824288600548577],[-71.433411649422439,41.824341600233616],[-71.43314465000438,41.824459600356356],[-71.432838649920356,41.824570600327348],[-71.432495649354919,41.824688600394609],[-71.431688649492614,41.824882600336444],[-71.431465649339771,41.824936600439727],[-71.42984864910666,41.825299600198392],[-71.429153648156785,41.825451600283522],[-71.428596648575208,41.825562600422181],[-71.428017648465385,41.82566560076183],[-71.427322648317457,41.825760600960088],[-71.426674647373616,41.825829600843676],[-71.425980647598607,41.825882600817444],[-71.426013647818834,41.826230600628371],[-71.426017647289655,41.826266600580659],[-71.426021647968639,41.826302600533374],[-71.426025647974711,41.826348600556599],[-71.426031647286209,41.826415601386152],[-71.426048647545628,41.826596601283477],[-71.426056647567393,41.826664600972947],[-71.426064647830202,41.826691601001514],[-71.42610264711864,41.827111601398748],[-71.426147648272618,41.827427600851117],[-71.426193648297826,41.827687601604445],[-71.426292647711122,41.828072601638979],[-71.426331647322101,41.828179601366813],[-71.42636164747401,41.828282601405832],[-71.426559648451928,41.828827601743193],[-71.426608648410777,41.828948601727305],[-71.426674648511792,41.829110601379497],[-71.426685648461202,41.829145601880718],[-71.426697647942277,41.829186601077637],[-71.426720647425114,41.82924360181471],[-71.426743648415965,41.829323601709433],[-71.426826647616963,41.829480601716405],[-71.426926647712136,41.829609601127139],[-71.427040647846923,41.829731602002234],[-71.427261648562876,41.829914601907532],[-71.427475648331665,41.830101601669831],[-71.427612648136034,41.830227601385786],[-71.427666648610284,41.830277601511995],[-71.427849648239672,41.830468601954941],[-71.427971648225835,41.830586601304958],[-71.428093648486239,41.830773601593258],[-71.428276648281638,41.831059601490701],[-71.428474649063759,41.831395601733867],[-71.428650648881558,41.831299601823972],[-71.429222649260012,41.831032601878562],[-71.429504649392172,41.830906601801914],[-71.429718649633656,41.830811601329131],[-71.430504649098509,41.830452601229013],[-71.431412649623965,41.830048601267819],[-71.43177065014288,41.829880601429053],[-71.431966650007524,41.829765601231898],[-71.433304649709982,41.82900760080075],[-71.434456650060213,41.82835860072209],[-71.435158650926866,41.827973600787445],[-71.435440650879613,41.827839600957127],[-71.436150650624697,41.82752660045989],[-71.436401651174023,41.827420600487464],[-71.436707650913448,41.827290601122023],[-71.437286651697192,41.827023600693735],[-71.437553651763238,41.826905600900737],[-71.437851651492224,41.826775600428654],[-71.438026651530805,41.826687600352898],[-71.438087651846018,41.826661600828849],[-71.438148651383486,41.82662260036912],[-71.438316651312036,41.82651660099333],[-71.438576651675149,41.826317600504723],[-71.438652651868296,41.826241600236372],[-71.438759651903126,41.826138600856964],[-71.438911652207665,41.825966600777591],[-71.438995652038869,41.825840600567496],[-71.439041651900894,41.825768600514863],[-71.439178652399136,41.825531600188732],[-71.439285651371563,41.82528360059208],[-71.439308652283856,41.825215600181494],[-71.439369651943764,41.825032600520991],[-71.439430651452625,41.824753600288268],[-71.439476652264318,41.824570599849473],[-71.438622651266968,41.824532599860333],[-71.438312651358302,41.824522600297918],[-71.438209651581872,41.824519599929566],[-71.437775650952148,41.824505600367715],[-71.436516651483672,41.824482600182534],[-71.435806650882867,41.824471600516517],[-71.435493650491395,41.824471599847548],[-71.434593650257,41.824387600621712],[-71.434242649737712,41.824334600703821],[-71.434050649962359,41.824300600043507],[-71.433959650636453,41.824285600322014],[-71.433895649817075,41.824275600349466]]]},"properties":{"TAZ":"854","Municipali":"Providence","SqMi":0.40107326999999998,"Prod2015":1573.39978,"Attrac2015":6352.4159810000001,"Jobs3013":661}},{"type":"Feature","geometry":{"type":"Polygon","coordinates":[[[-71.432045648812604,41.821316600165687],[-71.431770649559823,41.820691600023238],[-71.430496648190768,41.820965599468884],[-71.430367649236914,41.820805600182346],[-71.429428648172504,41.821381599744051],[-71.429222648241151,41.821488600001423],[-71.429016648789613,41.821534600031129],[-71.428776648620115,41.821618599986266],[-71.428238648295732,41.821808599799652],[-71.427391647815085,41.822064599709691],[-71.426582647822144,41.82235059988281],[-71.426208647730732,41.822495600422208],[-71.42625464693603,41.822563600240393],[-71.426605647926891,41.823082600100939],[-71.426765647588567,41.823319600587418],[-71.42693364746836,41.823601600421036],[-71.42751364828959,41.823647600700433],[-71.428024647964421,41.823681600124509],[-71.428322648684059,41.823704600166899],[-71.428719647936859,41.823731600795774],[-71.429291648307824,41.823769600216622],[-71.429295648178183,41.823688599992117],[-71.428909648310693,41.823021600552941],[-71.429529648328284,41.822834600185878],[-71.429710648315634,41.822781600015034],[-71.429932648420987,41.823174599934319],[-71.430656649051997,41.823010600243137],[-71.431175649459817,41.822888600259361],[-71.431816649724894,41.82273959987824],[-71.432556649998574,41.822556599615531],[-71.432297649445673,41.82194259981344],[-71.432137649058561,41.82153059972417],[-71.432045648812604,41.821316600165687]]]},"properties":{"TAZ":"760","Municipali":"Providence","SqMi":0.037166579999999998,"Prod2015":2806.179932,"Attrac2015":777.67841899999996,"Jobs3013":43}},{"type":"Feature","geometry":{"type":"Polygon","coordinates":[[[-71.428474649063759,41.831395601733867],[-71.428360648807953,41.831498601474379],[-71.428474649266079,41.831623601716132],[-71.428604648437968,41.831780601721263],[-71.428619648257879,41.832040601843261],[-71.428627648648416,41.832192601984616],[-71.428734648942466,41.832631602391523],[-71.429001649112763,41.833508601987397],[-71.429253648523542,41.834404602234692],[-71.429596649302468,41.834332602238334],[-71.430237649287335,41.834202602720843],[-71.430534649485537,41.83413460188892],[-71.431419650026925,41.833958602525215],[-71.431656650236206,41.83393160217539],[-71.432076649392357,41.833870602171665],[-71.432449649773048,41.833832601858361],[-71.432526649903295,41.833828601892691],[-71.432663650328749,41.833828602153183],[-71.432808650532664,41.833836601934706],[-71.433121649765326,41.833874602404947],[-71.433350650960037,41.833908601730876],[-71.433426650312185,41.833916602091833],[-71.433693651018274,41.833958602449101],[-71.433929650403797,41.833989602031174],[-71.434143650462431,41.834000601906695],[-71.434311650995681,41.834000601764011],[-71.434464650447339,41.833989602387895],[-71.434746650740138,41.833939602375757],[-71.435135651215191,41.833836602498778],[-71.435318650769759,41.83377160221869],[-71.435463650646469,41.833722601825642],[-71.436211651747456,41.833439602095645],[-71.436523651543922,41.833325602106122],[-71.437141651180141,41.833096602320715],[-71.437828651545843,41.83284860160871],[-71.438538652556247,41.832592601473621],[-71.438957652496697,41.832501601686019],[-71.439339652604986,41.832425602085351],[-71.439224652241933,41.832016601181643],[-71.439117652586262,41.831517601110505],[-71.43901165183479,41.831105601168176],[-71.438995651546378,41.831028601097238],[-71.43884365250868,41.830349601727661],[-71.438774651752894,41.830033600914312],[-71.438698651955946,41.829728601151473],[-71.438576651641114,41.829735600942129],[-71.438484651590485,41.829754601085469],[-71.437950651450421,41.829968600871261],[-71.437767652070036,41.830048601435934],[-71.437614651069651,41.830113601249636],[-71.437134651264969,41.830300601067599],[-71.436928651254405,41.830391601547198],[-71.435585651199744,41.830944601643139],[-71.435196651395984,41.831105601125394],[-71.435112651086712,41.831017601407829],[-71.434692650870815,41.830540601551938],[-71.434479650890466,41.830315601705642],[-71.434212650942499,41.830002601121535],[-71.434021650860998,41.829781601504436],[-71.433815650459778,41.829560601022898],[-71.433449650108699,41.829152601683276],[-71.433304649709982,41.82900760080075],[-71.431966650007524,41.829765601231898],[-71.43177065014288,41.829880601429053],[-71.431412649623965,41.830048601267819],[-71.430504649098509,41.830452601229013],[-71.429718649633656,41.830811601329131],[-71.429504649392172,41.830906601801914],[-71.429222649260012,41.831032601878562],[-71.428650648881558,41.831299601823972],[-71.428474649063759,41.831395601733867]]]},"properties":{"TAZ":"835","Municipali":"Providence","SqMi":0.12652066000000001,"Prod2015":8193.421875,"Attrac2015":17576.355680000001,"Jobs3013":2963}},{"type":"Feature","geometry":{"type":"Polygon","coordinates":[[[-71.426608648410777,41.828948601727305],[-71.426500647967714,41.828971601164781],[-71.426337647790803,41.829012601738675],[-71.426219648098652,41.829027601288374],[-71.426029647990859,41.829045601123219],[-71.425581647909937,41.829126601583589],[-71.425285647561552,41.829156601413544],[-71.424912647943316,41.829146601228551],[-71.424394647212438,41.829105601248735],[-71.42415764663734,41.829052601413593],[-71.42407764658526,41.829034601206928],[-71.424050646864885,41.829028601505669],[-71.423495647465884,41.828926601136637],[-71.423264646897707,41.828892601509658],[-71.423173647210277,41.828878601634457],[-71.422841646397998,41.828809601304478],[-71.422665647094462,41.828761601115502],[-71.422457646913671,41.828714601844624],[-71.422007646741889,41.828637601805582],[-71.421617645769516,41.828576601271472],[-71.421398645693131,41.828529601578779],[-71.421262645575538,41.828496601942625],[-71.421084645931359,41.828469601070815],[-71.42090964641686,41.828435601851389],[-71.420593645960111,41.82836760180993],[-71.420432645834353,41.828326601498475],[-71.420094645297425,41.828225601814886],[-71.419925645289723,41.828192601043433],[-71.419784645316,41.828179601708342],[-71.419662645386339,41.828119601574656],[-71.419539645068284,41.828065601371364],[-71.419404645448338,41.828067601823022],[-71.419153645302359,41.828002601917703],[-71.418848645179736,41.82793460121141],[-71.418638644739161,41.827872601156351],[-71.418448644740693,41.827816601273462],[-71.418377644906613,41.82779560175161],[-71.418312645267463,41.82797960110404],[-71.418289645355969,41.828045601222541],[-71.418152645145909,41.828511601203921],[-71.418076645549107,41.828877601521569],[-71.418015644544369,41.829556601835982],[-71.417997644684135,41.829700601814302],[-71.417925645735593,41.830291602209961],[-71.417862645041083,41.830803602401524],[-71.417819645362755,41.830972602156123],[-71.417793644845545,41.831074601840868],[-71.417700645090065,41.831386602566347],[-71.417679644977682,41.83145660236012],[-71.417503644844487,41.831902602020264],[-71.417450644926433,41.832020601942652],[-71.418015645380564,41.832215602168624],[-71.418152644949032,41.832264602656863],[-71.418282645795301,41.83231060257625],[-71.419136645727107,41.832650602155553],[-71.419197645932485,41.832672602537073],[-71.419991645840796,41.832981602582457],[-71.420555646495799,41.833210602574681],[-71.420685645794009,41.833268602178265],[-71.421150646934507,41.833443602368824],[-71.421661646184262,41.833653602094309],[-71.421974646666769,41.833775602098562],[-71.423264647160622,41.833577602545496],[-71.424156647015892,41.833447602669381],[-71.424812647636742,41.83334060193981],[-71.425491648029379,41.833229602274578],[-71.425720648062736,41.833195602545544],[-71.426262647642332,41.833104602501884],[-71.426712648487225,41.833035602234816],[-71.426895648573108,41.832993601908576],[-71.426987648846662,41.832947601804378],[-71.42701064838532,41.832928602171663],[-71.427109648171196,41.832837602094976],[-71.427277648639915,41.832661602356787],[-71.427521648148556,41.832390602499622],[-71.427689648804716,41.832215602421066],[-71.427727648621683,41.832177602333992],[-71.428169648645039,41.831696601735054],[-71.428360648807953,41.831498601474379],[-71.428474649063759,41.831395601733867],[-71.428276648281638,41.831059601490701],[-71.428093648486239,41.830773601593258],[-71.427971648225835,41.830586601304958],[-71.427849648239672,41.830468601954941],[-71.427666648610284,41.830277601511995],[-71.427612648136034,41.830227601385786],[-71.427475648331665,41.830101601669831],[-71.427261648562876,41.829914601907532],[-71.427040647846923,41.829731602002234],[-71.426926647712136,41.829609601127139],[-71.426826647616963,41.829480601716405],[-71.426743648415965,41.829323601709433],[-71.426720647425114,41.82924360181471],[-71.426697647942277,41.829186601077637],[-71.426685648461202,41.829145601880718],[-71.426674648511792,41.829110601379497],[-71.426608648410777,41.828948601727305]]]},"properties":{"TAZ":"856","Municipali":"Providence","SqMi":0.40107326999999998,"Prod2015":7596.1621089999999,"Attrac2015":16364.528990000001,"Jobs3013":2732}},{"type":"Feature","geometry":{"type":"Polygon","coordinates":[[[-71.424202646257129,41.82339560046799],[-71.423584646725857,41.823365600456896],[-71.423180646549071,41.823342600117698],[-71.42312664610462,41.8233386006968],[-71.422684646292979,41.823307600666737],[-71.422226646509174,41.823273600776353],[-71.421829645685776,41.823239600069556],[-71.421776645609398,41.823239600905403],[-71.421455646030694,41.823216600569147],[-71.421127645779208,41.823208600496663],[-71.420898646321689,41.823201600453629],[-71.420654645470989,41.823197600330396],[-71.420525645907148,41.823189600768458],[-71.420242645549024,41.823170600127376],[-71.420067645542019,41.823159600582869],[-71.420055646031031,41.823192600498963],[-71.420050645458673,41.823205600629834],[-71.419746645670642,41.824021600848155],[-71.419467645178457,41.824810601177326],[-71.419456644965081,41.824826600605874],[-71.419395645777868,41.825001600975419],[-71.419327644873945,41.825188600619633],[-71.41929664543737,41.825287600907266],[-71.419243645636683,41.825432601181191],[-71.419090644972158,41.825852600999333],[-71.419075645707096,41.82589060097127],[-71.419060645587592,41.825943601498409],[-71.419014645841145,41.826062601173646],[-71.419258645678255,41.826107600841759],[-71.41981564548577,41.826191601026814],[-71.420090645171939,41.826226600682489],[-71.420174645990443,41.826229601395241],[-71.420364645709057,41.826237601336636],[-71.420654645431924,41.82623760123662],[-71.421021645500488,41.826226600801839],[-71.421516645694538,41.826176601176883],[-71.423523646942584,41.825993601332137],[-71.42411064658549,41.825955601044946],[-71.424713646835897,41.825924601183154],[-71.425194646952733,41.825924601198608],[-71.425247646998173,41.825928600795642],[-71.425385647723971,41.82592860048107],[-71.425651647714332,41.825908600840698],[-71.425880647652363,41.825890600680268],[-71.425980647598607,41.825882600817444],[-71.425972647000052,41.825753600401669],[-71.425972647800251,41.825722600807929],[-71.425964647334396,41.825688600627508],[-71.425964646934702,41.825657601032617],[-71.425949646929595,41.825554600609713],[-71.425941647407996,41.825444600953944],[-71.425911646940236,41.825272600519526],[-71.42581264695923,41.825035600520657],[-71.425690646832052,41.824837600875085],[-71.425659647696691,41.824807600403702],[-71.425589647094256,41.824716600954716],[-71.425552646854541,41.82466960085182],[-71.425346647744902,41.824456600718435],[-71.425072646659814,41.824189600304891],[-71.424911647486255,41.824028600838261],[-71.424621647177432,41.823725600481851],[-71.424324647408781,41.823498600569152],[-71.424202646257129,41.82339560046799]]]},"properties":{"TAZ":"757","Municipali":"Providence","SqMi":0.13701954999999999,"Prod2015":1485.886841,"Attrac2015":2827.1305170000001,"Jobs3013":477}},{"type":"Feature","geometry":{"type":"Polygon","coordinates":[[[-71.435028650162167,41.818486599134097],[-71.435143649650428,41.818459598972105],[-71.434952649988347,41.817532599047652],[-71.434822649904802,41.816964599266086],[-71.434662649936172,41.816189598294628],[-71.433960649350411,41.816292598364797],[-71.433540649443529,41.816349598943169],[-71.432457648831971,41.816468599225672],[-71.431717649447961,41.8165555992869],[-71.431335648231283,41.816597598491207],[-71.43048164847076,41.816697598945062],[-71.430664648089461,41.817669598839359],[-71.430794648392805,41.818261599135298],[-71.430847648702866,41.818455599576815],[-71.430946648944285,41.818703599475015],[-71.430984648214618,41.818802599470381],[-71.431221648283838,41.819371599373561],[-71.432022648838867,41.819184599114585],[-71.432228648841303,41.819134599762819],[-71.432938649030916,41.81896659959952],[-71.433937650085696,41.8187305995041],[-71.434402650442721,41.818627599585426],[-71.435028650162167,41.818486599134097]]]},"properties":{"TAZ":"761","Municipali":"Providence","SqMi":0.066645090000000004,"Prod2015":2294.663086,"Attrac2015":1845.1665170000001,"Jobs3013":173}},{"type":"Feature","geometry":{"type":"Polygon","coordinates":[[[-71.417450644926433,41.832020601942652],[-71.417149645609939,41.832729602646339],[-71.417099645473655,41.832848602128109],[-71.416885645332187,41.833329602768231],[-71.416817645010298,41.833504602742494],[-71.416549644421792,41.834150602798722],[-71.416489645013513,41.834282602807704],[-71.416374645050524,41.83457260272786],[-71.416321644615124,41.834664603006523],[-71.41628364445306,41.834744602780432],[-71.41631964461105,41.834753602682525],[-71.416367645453434,41.834771602988873],[-71.416756644769336,41.83491260300503],[-71.416954644647603,41.834984603211169],[-71.417564645057695,41.835221602843738],[-71.417946645148305,41.83536660300215],[-71.418205645828692,41.835472602656701],[-71.418402645477912,41.835555602679854],[-71.418800645736951,41.835720603361587],[-71.419662646055983,41.836075603222127],[-71.420242645797515,41.836316602920128],[-71.421478646846879,41.836190603151941],[-71.421928646631187,41.836132603090491],[-71.42262364657401,41.836045602811573],[-71.424156647355076,41.835625602839983],[-71.42461464717708,41.835503602398944],[-71.424889648151307,41.835427603136985],[-71.425354648076095,41.835301602314608],[-71.42564464767301,41.835221602682225],[-71.425339647791546,41.835106602730846],[-71.424850648274386,41.834912602210011],[-71.424042647764949,41.834587602371258],[-71.423737647690416,41.834469602728795],[-71.423027646873862,41.83417960287732],[-71.421974646666769,41.833775602098562],[-71.421661646184262,41.833653602094309],[-71.421150646934507,41.833443602368824],[-71.420685645794009,41.833268602178265],[-71.420555646495799,41.833210602574681],[-71.419991645840796,41.832981602582457],[-71.419197645932485,41.832672602537073],[-71.419136645727107,41.832650602155553],[-71.418282645795301,41.83231060257625],[-71.418152644949032,41.832264602656863],[-71.418015645380564,41.832215602168624],[-71.417450644926433,41.832020601942652]]]},"properties":{"TAZ":"857","Municipali":"Providence","SqMi":0.071491059999999995,"Prod2015":4154.7309569999998,"Attrac2015":1613.2291949999999,"Jobs3013":83}},{"type":"Feature","geometry":{"type":"Polygon","coordinates":[[[-71.418377644906613,41.82779560175161],[-71.418218645073068,41.827748601694189],[-71.417996644627081,41.827683601892929],[-71.417934645342413,41.827665601249585],[-71.417670644801845,41.827591601624185],[-71.416663644860691,41.827308601095076],[-71.416564644053693,41.827280601603164],[-71.416451644239302,41.827247601263757],[-71.416373644795343,41.827225601435558],[-71.416251644967531,41.827190600995387],[-71.416163644043948,41.827165601004154],[-71.415843644867863,41.827100601101002],[-71.415462643652575,41.82706260162491],[-71.415443643620861,41.827160601289016],[-71.415424643706388,41.827310601849589],[-71.415405644682721,41.82746260115708],[-71.415398644044657,41.82748060188802],[-71.415392644398679,41.827524601554437],[-71.415382644442431,41.827602601388939],[-71.415376644660498,41.827647601330462],[-71.415358643606382,41.827786601357296],[-71.41534764444792,41.827864601349248],[-71.415126644646264,41.828044601565125],[-71.415056644060755,41.828029601490975],[-71.414933644426782,41.828003601408696],[-71.414884644256659,41.827992601680812],[-71.414796644442504,41.827973601407727],[-71.412857643557203,41.829430601713781],[-71.412574642933677,41.829751602425056],[-71.412299642792334,41.830129601783497],[-71.412250643812001,41.830215602550858],[-71.412215643347452,41.83029660180793],[-71.412187643799442,41.830379602456496],[-71.412148642978735,41.830548602254474],[-71.412130642998164,41.830721602099828],[-71.412130642709073,41.830811602668867],[-71.412148642807196,41.830991602265044],[-71.412178643611128,41.831121602612235],[-71.412260643710084,41.83137760276778],[-71.412290643899595,41.831476602614288],[-71.412346643721662,41.831482602000321],[-71.412391643147842,41.831487602597285],[-71.412418643289158,41.831490602407172],[-71.412470642978406,41.831495602007877],[-71.412804643165813,41.831528602244504],[-71.414026643498531,41.831651602061768],[-71.414131643644311,41.831662602608617],[-71.414497643552238,41.831684602592873],[-71.415573644759874,41.831761602228369],[-71.415981644242663,41.831802602081815],[-71.416290644423924,41.831833602151043],[-71.416441644530622,41.831848601890897],[-71.416595644565632,41.831864602086007],[-71.416878644307758,41.8319026025328],[-71.417196644437496,41.831957602502115],[-71.417224645218894,41.83196260245591],[-71.417450644926433,41.832020601942652],[-71.417503644844487,41.831902602020264],[-71.417679644977682,41.83145660236012],[-71.417700645090065,41.831386602566347],[-71.417793644845545,41.831074601840868],[-71.417819645362755,41.830972602156123],[-71.417862645041083,41.830803602401524],[-71.417925645735593,41.830291602209961],[-71.417997644684135,41.829700601814302],[-71.418015644544369,41.829556601835982],[-71.418076645549107,41.828877601521569],[-71.418152645145909,41.828511601203921],[-71.418289645355969,41.828045601222541],[-71.418312645267463,41.82797960110404],[-71.418377644906613,41.82779560175161]]]},"properties":{"TAZ":"742","Municipali":"Providence","SqMi":0.26674832999999998,"Prod2015":4356.4755859999996,"Attrac2015":38486.652020000001,"Jobs3013":1080}},{"type":"Feature","geometry":{"type":"Polygon","coordinates":[[[-71.42564464767301,41.835221602682225],[-71.425354648076095,41.835301602314608],[-71.424889648151307,41.835427603136985],[-71.42461464717708,41.835503602398944],[-71.424156647355076,41.835625602839983],[-71.424400647319132,41.836289602722907],[-71.42459164773085,41.836819603255393],[-71.424782647445312,41.837342603294793],[-71.424965647871346,41.837838602917977],[-71.425186647442615,41.838383603530019],[-71.425240647940711,41.838490603301658],[-71.425049647721565,41.83856660328118],[-71.425079647632785,41.838589603069458],[-71.425814647816324,41.839248603212681],[-71.42582764788736,41.839264603402825],[-71.426399648540126,41.83989860363117],[-71.426880648641998,41.840413603989013],[-71.427032648333054,41.840577603453411],[-71.427155648422755,41.840729603536964],[-71.427231649298236,41.840859603690461],[-71.427261648261208,41.840927603556267],[-71.427444648706086,41.84091660372998],[-71.427605649141043,41.840931604093555],[-71.428505649123338,41.841027603537242],[-71.428833649126105,41.840226603351482],[-71.428848649639747,41.840176603404593],[-71.429092649918601,41.839573603836982],[-71.42916964904424,41.83939460302679],[-71.429359649144871,41.838906602930855],[-71.429611649759977,41.838337602895315],[-71.429626649766703,41.838292603305341],[-71.429878649132192,41.83765860273602],[-71.429924649995812,41.837536602625718],[-71.430069649499828,41.837197603058847],[-71.430420649977634,41.836338603023165],[-71.430450649216297,41.836239602918404],[-71.430328649419053,41.836190602819016],[-71.430130649039185,41.836140602929312],[-71.429962649880224,41.836106602894297],[-71.429825648831326,41.836090603105553],[-71.429688649273771,41.836087603135013],[-71.429535648850148,41.836087603016772],[-71.428963649675438,41.836125602408785],[-71.428421649309868,41.836167602545146],[-71.428246648719806,41.836171602506354],[-71.428200648626017,41.836174602500066],[-71.428024648905875,41.836151603062667],[-71.427879648306131,41.836121602886983],[-71.427353648416286,41.835915602716476],[-71.427185647927345,41.835850602679812],[-71.42652164864522,41.835579603056956],[-71.426117648714836,41.835419602331292],[-71.42564464767301,41.835221602682225]]]},"properties":{"TAZ":"860","Municipali":"Providence","SqMi":0.075976799999999997,"Prod2015":3667.960693,"Attrac2015":3495.0441839999999,"Jobs3013":440}},{"type":"Feature","geometry":{"type":"Polygon","coordinates":[[[-71.41628364445306,41.834744602780432],[-71.416220645050572,41.834864602541941],[-71.416168645285339,41.834961603052918],[-71.416008645062476,41.835328602650932],[-71.415863644290425,41.83559860336436],[-71.415703644753094,41.835850603221779],[-71.415512644390574,41.836113602885597],[-71.415443644308482,41.836190603038581],[-71.415489644225445,41.836399603529848],[-71.415596644421541,41.836655603255863],[-71.415688644355498,41.836846603674054],[-71.41582564459226,41.837078603268978],[-71.416420644899233,41.838124603575217],[-71.416679645280638,41.838597604045219],[-71.416801644845918,41.838822604004683],[-71.417007645265969,41.839207604105496],[-71.417778645468744,41.84059960390703],[-71.417801646007049,41.840639604347224],[-71.417953645764825,41.840641603725899],[-71.418104646354323,41.840641604342593],[-71.4188616455355,41.840641604057929],[-71.418968645556561,41.84069160419223],[-71.419128645998143,41.840672603691402],[-71.419327645894924,41.84068360349243],[-71.419449646472515,41.840695604173845],[-71.419556645940844,41.84071860354527],[-71.419578646186068,41.840727604316335],[-71.419609646478179,41.840733604255817],[-71.419861646967775,41.840821603742548],[-71.420273646621126,41.840172604088416],[-71.421013646272939,41.839035603776416],[-71.42124964677086,41.838654603403015],[-71.421401647340232,41.838442603273336],[-71.421901647353238,41.838608603732531],[-71.422401646700123,41.838387603590917],[-71.423004647202106,41.838265603056065],[-71.423703647468571,41.837785603349076],[-71.42356164744433,41.837727602821076],[-71.423370646943553,41.837643602797407],[-71.423149647101695,41.837551603594989],[-71.422318647534581,41.837193603312905],[-71.421837646348379,41.836987602943076],[-71.421539647137607,41.83686160277388],[-71.420784646115322,41.836543602937596],[-71.420242645797515,41.836316602920128],[-71.419662646055983,41.836075603222127],[-71.418800645736951,41.835720603361587],[-71.418402645477912,41.835555602679854],[-71.418205645828692,41.835472602656701],[-71.417946645148305,41.83536660300215],[-71.417564645057695,41.835221602843738],[-71.416954644647603,41.834984603211169],[-71.416756644769336,41.83491260300503],[-71.416367645453434,41.834771602988873],[-71.41631964461105,41.834753602682525],[-71.41628364445306,41.834744602780432]]]},"properties":{"TAZ":"859","Municipali":"Providence","SqMi":0.10953023000000001,"Prod2015":1115.049561,"Attrac2015":2012.0461459999999,"Jobs3013":309}},{"type":"Feature","geometry":{"type":"Polygon","coordinates":[[[-71.417450644926433,41.832020601942652],[-71.417224645218894,41.83196260245591],[-71.417196644437496,41.831957602502115],[-71.416878644307758,41.8319026025328],[-71.416595644565632,41.831864602086007],[-71.416441644530622,41.831848601890897],[-71.416290644423924,41.831833602151043],[-71.415981644242663,41.831802602081815],[-71.415573644759874,41.831761602228369],[-71.414497643552238,41.831684602592873],[-71.414131643644311,41.831662602608617],[-71.414026643498531,41.831651602061768],[-71.412804643165813,41.831528602244504],[-71.412470642978406,41.831495602007877],[-71.412418643289158,41.831490602407172],[-71.412391643147842,41.831487602597285],[-71.412346643721662,41.831482602000321],[-71.412290643899595,41.831476602614288],[-71.411621643524569,41.831402602403031],[-71.411562642875211,41.831402602011096],[-71.411507642534758,41.831402601969636],[-71.411447642519263,41.831410602058938],[-71.411331642930435,41.831425602254122],[-71.411331642842143,41.8316926021946],[-71.411308643367946,41.831871602375273],[-71.411255642833638,41.832390602142915],[-71.411175642679922,41.832875603090301],[-71.411163643536156,41.832951603086478],[-71.411227643134765,41.833071602856556],[-71.41128564293895,41.833157602976293],[-71.411321643262553,41.833197603099492],[-71.41136264375902,41.833241602771515],[-71.411400643503057,41.833317602643163],[-71.411438642740293,41.833424602952647],[-71.411453643766379,41.83348160233605],[-71.411453643768908,41.833626602732117],[-71.411447643281718,41.833656602782838],[-71.411438643569326,41.833702603134711],[-71.411430643659514,41.833779602905601],[-71.411392643793235,41.834011602490115],[-71.411392642976153,41.834050602443718],[-71.411377643808422,41.834126602833493],[-71.411377642957106,41.834172602916418],[-71.411369643720008,41.834217602854444],[-71.411369643436117,41.834294603384151],[-71.411377643263023,41.834328602727673],[-71.41138564316698,41.834492602809284],[-71.411407642745417,41.834603602670384],[-71.411446643843746,41.834858603117404],[-71.411469643478753,41.834931603157891],[-71.411507642891834,41.835057603250533],[-71.411514642765709,41.835110603446005],[-71.411552643576229,41.835236603520961],[-71.41161364347802,41.835392603438493],[-71.411636643309294,41.835438603200295],[-71.411652643692207,41.83548460297596],[-71.411903643062885,41.83587760333495],[-71.412125643148215,41.836182603514196],[-71.412262643958755,41.836285603362008],[-71.412476643493122,41.836476603146842],[-71.412720643693476,41.836659603315375],[-71.413063643492421,41.836911603294183],[-71.413422644286186,41.837185603249843],[-71.413666644579536,41.837380603790223],[-71.413812644211973,41.837489603880996],[-71.414513644793303,41.837033603330134],[-71.414566645004854,41.836998603413335],[-71.414841644099766,41.836781602907109],[-71.41497064427432,41.836674603278311],[-71.415021644804511,41.836624602939878],[-71.415047644064444,41.836599603581234],[-71.415112644110067,41.836535603396086],[-71.415268645076878,41.836384603155345],[-71.415443644308482,41.836190603038581],[-71.415512644390574,41.836113602885597],[-71.415703644753094,41.835850603221779],[-71.415863644290425,41.83559860336436],[-71.416008645062476,41.835328602650932],[-71.416168645285339,41.834961603052918],[-71.416220645050572,41.834864602541941],[-71.41628364445306,41.834744602780432],[-71.416321644615124,41.834664603006523],[-71.416374645050524,41.83457260272786],[-71.416489645013513,41.834282602807704],[-71.416549644421792,41.834150602798722],[-71.416817645010298,41.833504602742494],[-71.416885645332187,41.833329602768231],[-71.417099645473655,41.832848602128109],[-71.417149645609939,41.832729602646339],[-71.417450644926433,41.832020601942652]]]},"properties":{"TAZ":"888","Municipali":"Providence","SqMi":0.19689124999999999,"Prod2015":1845.3172609999999,"Attrac2015":6788.5371670000004,"Jobs3013":1140}},{"type":"Feature","geometry":{"type":"Polygon","coordinates":[[[-71.415462643652575,41.82706260162491],[-71.41438064368046,41.826956600999154],[-71.414354644027043,41.826947601632092],[-71.41435464338268,41.826924601560627],[-71.4143656435038,41.826884601378168],[-71.414391643212596,41.826883601573101],[-71.41439364419692,41.826852601676485],[-71.414414643892769,41.826839601116895],[-71.41441464368782,41.826803601044062],[-71.414395643490309,41.826731601145823],[-71.414351643892132,41.826661601167871],[-71.414295644299685,41.826610601087317],[-71.414210643496617,41.826557601278012],[-71.414112643474368,41.826524601732082],[-71.413996643855953,41.826511601374008],[-71.413882643910426,41.826514601430659],[-71.413891643590517,41.82655460125725],[-71.413856643361328,41.826575601544015],[-71.413739643321776,41.826606601567363],[-71.413717643262999,41.826567601245785],[-71.413493643301024,41.82664860108229],[-71.412840643063902,41.826870601159712],[-71.412654643015841,41.826928601100597],[-71.412557642858317,41.826953601756465],[-71.412390643447395,41.826988601254918],[-71.412206643167863,41.827017601161579],[-71.412071643601763,41.82703860186168],[-71.411855643194727,41.827057601846732],[-71.411693643257763,41.827058601949545],[-71.411432642497189,41.827053601302758],[-71.411247642401392,41.827035601185358],[-71.411010642787787,41.826999601428462],[-71.410831642479877,41.82696160154768],[-71.410690642814899,41.826919601919442],[-71.410544642480815,41.826835601891098],[-71.410427642338604,41.826767601716561],[-71.410164642718215,41.826586601874475],[-71.410129642795738,41.826562601158479],[-71.41001764202673,41.826479601217258],[-71.409983642713712,41.826454601863297],[-71.409654642655866,41.826625601653873],[-71.409633642472983,41.826636601689266],[-71.409615642789902,41.826649601934925],[-71.409515641915647,41.826687601264695],[-71.409309641876817,41.82677960116127],[-71.408951641544633,41.826893601650404],[-71.408730642081409,41.826943601287191],[-71.409058642123782,41.827496601370868],[-71.409184642376104,41.827703601727279],[-71.409286642777602,41.827870601622493],[-71.409351642239017,41.827980601463508],[-71.409447642162704,41.828144601944295],[-71.409538641949112,41.828362601647882],[-71.409584642566429,41.828499601961717],[-71.409637642668145,41.828663601728373],[-71.409729642150268,41.828915601553192],[-71.409813642216562,41.829172601798767],[-71.409988642378494,41.829678601742501],[-71.410156642744823,41.830147601875623],[-71.410248642709846,41.830418601972134],[-71.410393642473693,41.830834602388492],[-71.410408642299529,41.830864602573122],[-71.410629642868713,41.831536602096449],[-71.411331642930435,41.831425602254122],[-71.411447642519263,41.831410602058938],[-71.411507642534758,41.831402601969636],[-71.411562642875211,41.831402602011096],[-71.411621643524569,41.831402602403031],[-71.412290643899595,41.831476602614288],[-71.412260643710084,41.83137760276778],[-71.412178643611128,41.831121602612235],[-71.412148642807196,41.830991602265044],[-71.412130642709073,41.830811602668867],[-71.412130642998164,41.830721602099828],[-71.412148642978735,41.830548602254474],[-71.412187643799442,41.830379602456496],[-71.412215643347452,41.83029660180793],[-71.412250643812001,41.830215602550858],[-71.412299642792334,41.830129601783497],[-71.412574642933677,41.829751602425056],[-71.412857643557203,41.829430601713781],[-71.414796644442504,41.827973601407727],[-71.414884644256659,41.827992601680812],[-71.414933644426782,41.828003601408696],[-71.415056644060755,41.828029601490975],[-71.415126644646264,41.828044601565125],[-71.41534764444792,41.827864601349248],[-71.415358643606382,41.827786601357296],[-71.415376644660498,41.827647601330462],[-71.415382644442431,41.827602601388939],[-71.415392644398679,41.827524601554437],[-71.415398644044657,41.82748060188802],[-71.415405644682721,41.82746260115708],[-71.415424643706388,41.827310601849589],[-71.415443643620861,41.827160601289016],[-71.415462643652575,41.82706260162491]]]},"properties":{"TAZ":"743","Municipali":"Providence","SqMi":0.26674832999999998,"Prod2015":14839.39453,"Attrac2015":44809.768499999998,"Jobs3013":7930}},{"type":"Feature","geometry":{"type":"Polygon","coordinates":[[[-71.428406647685264,41.816925599064241],[-71.427185647288553,41.817059599174392],[-71.426254647027775,41.817139599316512],[-71.426132647649098,41.817147598793653],[-71.425537646545493,41.81718559889724],[-71.425148646534723,41.817208599198587],[-71.425034646906838,41.817215598841422],[-71.424637646725913,41.817246598923489],[-71.424713646719695,41.817952599769605],[-71.424797647159906,41.818615599139356],[-71.424911646907972,41.819355599810699],[-71.425957647483756,41.818905599729511],[-71.426727647060616,41.818585599149287],[-71.426803647612005,41.818551599413027],[-71.426949647813785,41.818489599445513],[-71.427483647291794,41.818264599579365],[-71.427719647444476,41.81821959892153],[-71.427986647667339,41.81815859925193],[-71.428276647474362,41.81810859928212],[-71.428711647448068,41.818032599475885],[-71.430176648379287,41.817761599013146],[-71.430664648089461,41.817669598839359],[-71.43048164847076,41.816697598945062],[-71.430305648504969,41.816716599341817],[-71.429054648165661,41.816853599255353],[-71.428482647479797,41.81691459921884],[-71.428406647685264,41.816925599064241]]]},"properties":{"TAZ":"768","Municipali":"Providence","SqMi":0.10172788000000001,"Prod2015":1292.099731,"Attrac2015":2614.0120659999998,"Jobs3013":417}},{"type":"Feature","geometry":{"type":"Polygon","coordinates":[[[-71.424911646907972,41.819355599810699],[-71.425301646918356,41.819882600141952],[-71.425468647423742,41.820095599537325],[-71.425697647268251,41.820660599896591],[-71.426537647148663,41.820473600126476],[-71.427361647677827,41.820275599937148],[-71.427868648103839,41.820156599977572],[-71.42810164762875,41.820103599842099],[-71.428185647347149,41.820084599378561],[-71.429359648567925,41.819806599871484],[-71.430367648555531,41.819569599202786],[-71.431221648283838,41.819371599373561],[-71.430984648214618,41.818802599470381],[-71.430946648944285,41.818703599475015],[-71.430847648702866,41.818455599576815],[-71.430794648392805,41.818261599135298],[-71.430664648089461,41.817669598839359],[-71.430176648379287,41.817761599013146],[-71.428711647448068,41.818032599475885],[-71.428276647474362,41.81810859928212],[-71.427986647667339,41.81815859925193],[-71.427719647444476,41.81821959892153],[-71.427483647291794,41.818264599579365],[-71.426949647813785,41.818489599445513],[-71.426803647612005,41.818551599413027],[-71.426727647060616,41.818585599149287],[-71.425957647483756,41.818905599729511],[-71.424911646907972,41.819355599810699]]]},"properties":{"TAZ":"770","Municipali":"Providence","SqMi":0.036826039999999997,"Prod2015":2544.578125,"Attrac2015":1066.6632910000001,"Jobs3013":48}},{"type":"Feature","geometry":{"type":"Polygon","coordinates":[[[-71.439875651716818,41.816087598392237],[-71.439922651769166,41.816103598635209],[-71.44059065121958,41.816330598819086],[-71.440933652243189,41.81641459835074],[-71.441277652557076,41.816521598382678],[-71.441628652332994,41.816574598479434],[-71.441864651905604,41.816605598951398],[-71.442047652259134,41.81663659832423],[-71.442245652328609,41.816670598581524],[-71.442757652722491,41.816735598373135],[-71.442818651987224,41.816738598977253],[-71.442932652432091,41.816750598689488],[-71.443199652911787,41.816769598562765],[-71.443321652113553,41.816773598711592],[-71.443489653167163,41.816765598214069],[-71.443550652851002,41.816758598341174],[-71.443611652195401,41.816750598156752],[-71.443848653358032,41.816693598406012],[-71.443985652359558,41.816632598751852],[-71.444405653422024,41.816380598316222],[-71.445068653775323,41.815972598121327],[-71.445129653522059,41.815930598444631],[-71.445534653356489,41.815682598603679],[-71.445808653124075,41.815503598082593],[-71.445877653333454,41.815442598275034],[-71.445892652859058,41.815422597956228],[-71.445967653176695,41.815353597785602],[-71.446106654020966,41.815224598249522],[-71.445244652880021,41.814556598290999],[-71.445122652789863,41.814469597704978],[-71.444916653492996,41.814331598315455],[-71.444804653003516,41.814265598146108],[-71.44464865255047,41.814174597600726],[-71.44461165298209,41.814152597929926],[-71.444504653429647,41.814103598324884],[-71.44427565295814,41.814015597934663],[-71.444153653362619,41.813980598238103],[-71.444038652831011,41.813954598034059],[-71.443794652663669,41.813923598101084],[-71.44352065250807,41.813927598087339],[-71.443138652901283,41.813950597942849],[-71.442856651790876,41.813958598004277],[-71.442535652109711,41.813961598083431],[-71.442421652178169,41.813950598251679],[-71.441841651787854,41.813874598169292],[-71.441467651744432,41.813832598160843],[-71.441422651938908,41.813820597980573],[-71.441181651830277,41.813807598156664],[-71.441071651849441,41.813801597729167],[-71.440765651142627,41.813771597635338],[-71.44059065117213,41.813763597767867],[-71.440434651449252,41.813766597956452],[-71.440384651621528,41.813768597789057],[-71.440286651729636,41.814226598340476],[-71.440257651945501,41.814357598253075],[-71.440020651576916,41.815451598409339],[-71.439875651716818,41.816087598392237]]]},"properties":{"TAZ":"796","Municipali":"Providence","SqMi":0.15896674999999999,"Prod2015":550.88665800000001,"Attrac2015":1454.413677,"Jobs3013":186}},{"type":"Feature","geometry":{"type":"Polygon","coordinates":[[[-71.442047652259134,41.81663659832423],[-71.441757652159254,41.816651599001773],[-71.441589651590121,41.81669359834833],[-71.441358651619552,41.816762598948685],[-71.441269651782932,41.816788598549877],[-71.440979651990617,41.816883598869694],[-71.440964651883363,41.817013598610096],[-71.440910651964003,41.817360599189769],[-71.440850652387894,41.817735599037739],[-71.440842651636672,41.817788598888775],[-71.440765652334065,41.818062598673052],[-71.440643652143208,41.818694599274011],[-71.44059065228609,41.818970599247564],[-71.440498651873028,41.819519599195289],[-71.440788651867365,41.819542598781837],[-71.441177652695899,41.819584598741642],[-71.441391652136218,41.819588599391949],[-71.441483652358428,41.819577599112293],[-71.441628652091453,41.819550598737401],[-71.441765652574276,41.819519599313061],[-71.441849652299354,41.819504598972358],[-71.442085652952585,41.819447598780066],[-71.442203652686487,41.819423599304585],[-71.442268652458168,41.819409599278764],[-71.442321652617792,41.819396598872416],[-71.44237565263991,41.819382598664667],[-71.442505652560214,41.819313598667399],[-71.442917652850397,41.819058598953028],[-71.443314653084073,41.818814598815131],[-71.443755652784958,41.818528599039048],[-71.444199653560347,41.818241598734254],[-71.444649653096405,41.817959599181933],[-71.444107652448764,41.8175475982435],[-71.44370165260672,41.817235598402483],[-71.443642652326261,41.817189598961022],[-71.443633652252046,41.817171598528986],[-71.443619652948627,41.817143598255981],[-71.44355865230267,41.817089598258775],[-71.443504653262337,41.817040598564958],[-71.443466652365586,41.816944599012416],[-71.443405652326405,41.816876598628767],[-71.44332965233356,41.816826598535286],[-71.443199652911787,41.816769598562765],[-71.442932652432091,41.816750598689488],[-71.442818651987224,41.816738598977253],[-71.442757652722491,41.816735598373135],[-71.442245652328609,41.816670598581524],[-71.442047652259134,41.81663659832423]]]},"properties":{"TAZ":"814","Municipali":"Providence","SqMi":0.066613430000000001,"Prod2015":954.36901899999998,"Attrac2015":2458.6115970000001,"Jobs3013":418}},{"type":"Feature","geometry":{"type":"Polygon","coordinates":[[[-71.437775649745717,41.805058596357036],[-71.437119649386347,41.804810596247073],[-71.436470649859785,41.804566596476548],[-71.435822649198442,41.804322596288863],[-71.435143649828589,41.804089596039887],[-71.434799649070328,41.803975596157002],[-71.434448648877151,41.803849595977148],[-71.433846648820946,41.80362759633222],[-71.433235648979519,41.80342959594541],[-71.432671648769471,41.80323859661609],[-71.432564648088487,41.803200596096389],[-71.431900648735066,41.802960596076417],[-71.431229647458935,41.80271959583974],[-71.431068647286622,41.802662595854954],[-71.430588647932254,41.802498596526135],[-71.430481647704667,41.80287659587443],[-71.43032864768729,41.803494595998558],[-71.430214648225629,41.803872596189059],[-71.430161647831767,41.804051596302507],[-71.429955648089873,41.804558596299252],[-71.429581647015453,41.805367596776613],[-71.430733647488665,41.805672596802239],[-71.432007647825785,41.806031597065306],[-71.433250648631287,41.806363597206861],[-71.43357464864026,41.806448597284046],[-71.434402648721175,41.806664597083035],[-71.435707649844247,41.807019597140233],[-71.436295649436701,41.806347596520006],[-71.436615649623889,41.80598959646867],[-71.436790650268918,41.805809596420751],[-71.436897650475288,41.805722596595423],[-71.437302649610274,41.805424596878908],[-71.437355650643369,41.805382596886638],[-71.437775649745717,41.805058596357036]]]},"properties":{"TAZ":"784","Municipali":"Providence","SqMi":0.13219868000000001,"Prod2015":2713.875,"Attrac2015":2035.714168,"Jobs3013":242}},{"type":"Feature","geometry":{"type":"Polygon","coordinates":[[[-71.430588647932254,41.802498596526135],[-71.429916647408916,41.802262596608614],[-71.42942064722051,41.802102596357514],[-71.429298647436724,41.802071596347609],[-71.429108647587157,41.8020335964137],[-71.428482646576001,41.801918596509481],[-71.427643646454783,41.801762596251919],[-71.426338646283838,41.801514596539668],[-71.426186646166357,41.802010596303916],[-71.426071646090449,41.802376596560705],[-71.425880645852814,41.802971596792155],[-71.425705645578262,41.803582596185478],[-71.425560645680477,41.804146596975471],[-71.425392645771311,41.804749597152892],[-71.425224646598124,41.805359597186687],[-71.425064646649687,41.805973596948085],[-71.42780364691292,41.805909597062708],[-71.427780646996311,41.805306596914484],[-71.427750646369276,41.804806596930902],[-71.427719646484491,41.804097596937659],[-71.430161647831767,41.804051596302507],[-71.430214648225629,41.803872596189059],[-71.43032864768729,41.803494595998558],[-71.430481647704667,41.80287659587443],[-71.430588647932254,41.802498596526135]]]},"properties":{"TAZ":"710","Municipali":"Providence","SqMi":0.10523755,"Prod2015":2006.9991460000001,"Attrac2015":1593.14455,"Jobs3013":199}},{"type":"Feature","geometry":{"type":"Polygon","coordinates":[[[-71.431731648242504,41.800582596052969],[-71.431205647562436,41.800404595865679],[-71.430822648070802,41.800266596197723],[-71.430502647236054,41.800120596008831],[-71.430265647894728,41.800011595441973],[-71.429985647102157,41.799851596126537],[-71.429747647816072,41.799703595487571],[-71.429478647188006,41.799487595769783],[-71.429059647317843,41.799067595719926],[-71.429033646757034,41.799041595738487],[-71.42872464742392,41.798604595412009],[-71.428188646782971,41.797769595035803],[-71.42760964612475,41.796869595216194],[-71.42650764608959,41.795176594869474],[-71.42642964628206,41.795058595321017],[-71.426409645887944,41.795110594510952],[-71.426369646320339,41.795216595245776],[-71.426331645890997,41.795295595016832],[-71.426254646306418,41.79545659472474],[-71.42622464564171,41.79554059470248],[-71.426117645289096,41.795842595078575],[-71.426025645588979,41.796223594904369],[-71.426003645361064,41.796353594951469],[-71.425987645617369,41.796467595238255],[-71.425880645483673,41.796849595427602],[-71.425880646453308,41.796868595391558],[-71.425819645804381,41.797142595573526],[-71.425789645877657,41.797341595466989],[-71.425934645746025,41.797623595775065],[-71.42601864633032,41.797776595844475],[-71.426033645382603,41.797844595882438],[-71.426105645651234,41.798105595222289],[-71.426216646564711,41.798504595467186],[-71.426254645846342,41.798623595812352],[-71.426285645776076,41.798756595600494],[-71.426407646008684,41.799210595673436],[-71.42644564651377,41.799397595306907],[-71.426498646239594,41.799656596005356],[-71.426514645766431,41.799916595797114],[-71.426520646038583,41.800208595496677],[-71.426521645718395,41.800244595476826],[-71.426514646144838,41.800496596282578],[-71.42648164600719,41.80071759601725],[-71.426468646746599,41.800808596226794],[-71.426468646843688,41.80111059575983],[-71.426537646879837,41.800881596108383],[-71.42656764655527,41.80074759644711],[-71.426605646401597,41.800534595834641],[-71.426628646140841,41.800202596205807],[-71.427086646717015,41.800137595774018],[-71.427925646509962,41.800038595802555],[-71.427950646175532,41.800038596177849],[-71.428886647165513,41.799916595777638],[-71.429108646554212,41.799893595947403],[-71.429291647324263,41.799889595954859],[-71.42943664719904,41.799916595479957],[-71.429558647762349,41.799958595754212],[-71.430237647924571,41.800259596116049],[-71.430786648155689,41.800492595882417],[-71.431404647344877,41.8007475954157],[-71.43159164747712,41.800811596198507],[-71.43171164771897,41.800615596165017],[-71.431731648242504,41.800582596052969]]]},"properties":{"TAZ":"711","Municipali":"Providence","SqMi":0.067101850000000005,"Prod2015":1363.079712,"Attrac2015":1651.3239779999999,"Jobs3013":149}},{"type":"Feature","geometry":{"type":"Polygon","coordinates":[[[-71.438541650128869,41.7942375941184],[-71.43614264926984,41.794094594009323],[-71.43528264856333,41.794387594515378],[-71.435302648260702,41.794442594325439],[-71.43525964853211,41.794486594251701],[-71.435169648726088,41.794643594204608],[-71.435115648486217,41.794687594169751],[-71.435048649010398,41.794710594327512],[-71.434992649207672,41.794755594286976],[-71.434931648187757,41.794833594415294],[-71.434882648643296,41.794881594631164],[-71.434842648909111,41.794931594193343],[-71.434792649259705,41.79504859440415],[-71.43473264906396,41.795166594594676],[-71.434681649062881,41.795295594875192],[-71.434639648291352,41.795359594481702],[-71.434553648684968,41.795458595115534],[-71.43447764895916,41.795574594487107],[-71.434360649003835,41.795690594697618],[-71.434222648534401,41.795865594935854],[-71.434068648150145,41.796090594547238],[-71.433956648960944,41.796211595016565],[-71.433782647909666,41.796444594895114],[-71.433623648009018,41.796621594554246],[-71.433534648157973,41.796749594557539],[-71.433452648865952,41.79688959473031],[-71.433347648902725,41.797020595164135],[-71.433087648789311,41.797515595488953],[-71.432834648314838,41.797903595187421],[-71.432643647574878,41.798263595757724],[-71.432448648462696,41.798542595095469],[-71.432324648101087,41.798749595816901],[-71.432229647546606,41.798872595217595],[-71.432191648111157,41.798932595120576],[-71.432124648328099,41.799063595203094],[-71.432093647473536,41.799137595951578],[-71.432049647846895,41.799209595641955],[-71.431996648080229,41.799265595379559],[-71.431826648180319,41.79939059559841],[-71.43175964788216,41.799433595855461],[-71.431692648346683,41.799465595673162],[-71.43155464756569,41.79955859558077],[-71.431474648148367,41.799599595464265],[-71.431407647749978,41.799627595787285],[-71.431209647336118,41.799740595688817],[-71.431151648051014,41.799777595685043],[-71.431081647122781,41.799810595428241],[-71.430842647316283,41.799854595659006],[-71.430502647236054,41.800120596008831],[-71.430822648070802,41.800266596197723],[-71.431205647562436,41.800404595865679],[-71.431731648242504,41.800582596052969],[-71.433656648590556,41.801234595692812],[-71.434421648310916,41.80148759567242],[-71.434704649586124,41.801580595783342],[-71.436902649618702,41.802324595610116],[-71.437024649998577,41.80236659604229],[-71.437179650403692,41.802418595600457],[-71.438372650328915,41.802825596399572],[-71.439281650826217,41.803166595636576],[-71.439654650548647,41.803337596278055],[-71.439857650304432,41.803452596422943],[-71.439934650712274,41.803425595800142],[-71.440002650759567,41.80339559588414],[-71.439938650887385,41.803297596099981],[-71.439553651239407,41.802614596361771],[-71.439368650236133,41.802293595802901],[-71.439308649991361,41.802159595729336],[-71.439266649966243,41.802035596249191],[-71.439246650830583,41.801916595389841],[-71.439232650634182,41.801613595407147],[-71.439245650783022,41.800897595994279],[-71.439240651036911,41.800724595930511],[-71.439234649959118,41.800671595830707],[-71.439228650789772,41.800630595510881],[-71.439229650401657,41.800452595402234],[-71.439241650237619,41.80029859526509],[-71.439242649993517,41.800037595160866],[-71.439288650440972,41.798894595206896],[-71.43933565042272,41.797955595490187],[-71.439353650516992,41.797688595357251],[-71.439358650080436,41.797606594656706],[-71.439359650103171,41.797385594917948],[-71.439340650059094,41.797249595107893],[-71.439058650322849,41.796174595112149],[-71.438875649555683,41.795492594172735],[-71.438541650128869,41.7942375941184]]]},"properties":{"TAZ":"787","Municipali":"Providence","SqMi":0.37649593999999997,"Prod2015":2989.7163089999999,"Attrac2015":10518.029060000001,"Jobs3013":1881}},{"type":"Feature","geometry":{"type":"Polygon","coordinates":[[[-71.42642964628206,41.795058595321017],[-71.426344646238604,41.794929595322252],[-71.425903645398535,41.794251594497631],[-71.425273645332524,41.793282594756114],[-71.423819644855925,41.791028594192575],[-71.42377764475404,41.791041594328938],[-71.423599644304787,41.791096594323164],[-71.422600644884284,41.791413594394953],[-71.422516644871365,41.791439594659543],[-71.422874644864876,41.792088594426069],[-71.423218645228417,41.792702594448585],[-71.422729644300077,41.79288559481158],[-71.420219643288149,41.793652594465179],[-71.420578643642514,41.79428159527167],[-71.420944643744463,41.794907595255779],[-71.421295643726722,41.795548595173486],[-71.421646644796269,41.796181595290392],[-71.421997644267066,41.796822595623759],[-71.42499564492104,41.795895595199546],[-71.425095645565207,41.795864594961202],[-71.425865646191866,41.795632594885753],[-71.42622464564171,41.79554059470248],[-71.426254646306418,41.79545659472474],[-71.426331645890997,41.795295595016832],[-71.426369646320339,41.795216595245776],[-71.426409645887944,41.795110594510952],[-71.42642964628206,41.795058595321017]]]},"properties":{"TAZ":"697","Municipali":"Providence","SqMi":0.066914589999999996,"Prod2015":2465.4260250000002,"Attrac2015":1460.3880160000001,"Jobs3013":130}},{"type":"Feature","geometry":{"type":"Polygon","coordinates":[[[-71.423819644855925,41.791028594192575],[-71.423342644586853,41.790288593849354],[-71.423096644445764,41.789905593646743],[-71.422776644235299,41.789406594002465],[-71.422669644558127,41.789240593783994],[-71.422455644621536,41.788824593505616],[-71.42232864436518,41.788578593660446],[-71.422305643999692,41.788524593393532],[-71.422276644257778,41.788459594043843],[-71.422064643612131,41.787948593470709],[-71.421996643850235,41.787766593781427],[-71.421887644348871,41.787410593289124],[-71.421801643674911,41.787056593589931],[-71.421734643899811,41.786705593196935],[-71.421701644159896,41.786483593158941],[-71.421689643388689,41.786382593189742],[-71.421684643776516,41.786297593534222],[-71.421638643414795,41.786351593722721],[-71.421530643655259,41.786479593302332],[-71.421364643801454,41.786675593125544],[-71.420723644041516,41.787419593562362],[-71.42051764351568,41.787636593893083],[-71.420433643384811,41.787716593581614],[-71.419754643746671,41.78841859344498],[-71.418686642648538,41.789402594426001],[-71.418259643002315,41.789765594258171],[-71.418053643331703,41.789933594191353],[-71.417564642614252,41.790272594381491],[-71.417267642529254,41.790470594585479],[-71.417053642979681,41.790604594411988],[-71.416580642447855,41.7908905941052],[-71.415886641892314,41.791268594067361],[-71.415283642685552,41.791550594641443],[-71.414467642003018,41.791878594341227],[-71.413788641741988,41.792183594564044],[-71.409767639853513,41.794266595637851],[-71.409931640937273,41.79440059565777],[-71.410018640825285,41.794362595463362],[-71.410500640860676,41.79407259553858],[-71.410759641029486,41.793930594788279],[-71.412041641465549,41.793267594572981],[-71.412605641070755,41.792977595387548],[-71.412643641102278,41.792954595269492],[-71.413628642045509,41.792447595057816],[-71.413742641911114,41.792408594934862],[-71.413795642063775,41.792424595128395],[-71.413841641567032,41.792439595166535],[-71.41394064194958,41.792519594780558],[-71.414093642280619,41.792664594577893],[-71.414413641941451,41.792935595001062],[-71.414482641733784,41.792988594758008],[-71.415039642156302,41.793461595364043],[-71.415527642382912,41.793854594617365],[-71.415573642769147,41.793885594883925],[-71.415894642510366,41.794075595061159],[-71.416077642455164,41.794197595026532],[-71.416214642759599,41.794281595430625],[-71.41651264263848,41.794800595389574],[-71.418350643217309,41.794228594960664],[-71.420219643288149,41.793652594465179],[-71.422729644300077,41.79288559481158],[-71.423218645228417,41.792702594448585],[-71.422874644864876,41.792088594426069],[-71.422516644871365,41.791439594659543],[-71.422600644884284,41.791413594394953],[-71.423599644304787,41.791096594323164],[-71.42377764475404,41.791041594328938],[-71.423819644855925,41.791028594192575]]]},"properties":{"TAZ":"700","Municipali":"Providence","SqMi":0.18486958000000001,"Prod2015":5617.0478519999997,"Attrac2015":14366.75612,"Jobs3013":2438}},{"type":"Feature","geometry":{"type":"Polygon","coordinates":[[[-71.417419643133329,41.800442596021917],[-71.416420642716801,41.80073259632178],[-71.415756643114676,41.800938596120709],[-71.415527642550501,41.80101159618404],[-71.415031642754286,41.801152596043998],[-71.414688642988864,41.801251596612516],[-71.415115643108081,41.80228159692151],[-71.41552764294002,41.803227596821522],[-71.415741643340738,41.803734596731658],[-71.416031642508429,41.804406597308322],[-71.41619964346863,41.80482159710597],[-71.416359643199044,41.805199597516271],[-71.417076643445043,41.805035596743302],[-71.418686643690577,41.804661597200294],[-71.419098644582874,41.804558597130551],[-71.419128644213885,41.804543596930792],[-71.419350643807462,41.80442559738372],[-71.41925864430867,41.804119597109562],[-71.419121643923333,41.80368859655281],[-71.419090644359073,41.803578596914292],[-71.418907644060383,41.802983596755375],[-71.418808644225692,41.802639596617588],[-71.418701643333264,41.802300596621066],[-71.418648644169551,41.802155596625667],[-71.418617643855455,41.802082596439703],[-71.418541643281827,41.801861596514414],[-71.418442643689772,41.80166359658439],[-71.418404643436475,41.801587596822962],[-71.418266643285733,41.801354596084195],[-71.418129643085805,41.8011525965101],[-71.418037644102313,41.801037596661551],[-71.417999643752808,41.800991596203971],[-71.417877644051998,41.800866596299244],[-71.417747643514758,41.800721596605008],[-71.417603643815823,41.800591596348326],[-71.417435643883536,41.800457596442648],[-71.417419643133329,41.800442596021917]]]},"properties":{"TAZ":"717","Municipali":"Providence","SqMi":0.049575130000000002,"Prod2015":2767.6997070000002,"Attrac2015":1118.6228719999999,"Jobs3013":67}},{"type":"Feature","geometry":{"type":"Polygon","coordinates":[[[-71.409767639853513,41.794266595637851],[-71.409607640246151,41.79413659515879],[-71.409447640875882,41.794008595019939],[-71.404854638408949,41.796410596045469],[-71.404907638651906,41.796574596204742],[-71.404960639407548,41.796781595871366],[-71.404968638707359,41.796814595599564],[-71.404984638980366,41.796852596153371],[-71.404999638664535,41.796906595892679],[-71.405006639415163,41.796952595760843],[-71.405151638613304,41.797474596404278],[-71.405212638786963,41.797680595941912],[-71.405373639706283,41.798294595777705],[-71.405540639656621,41.798943596619111],[-71.40564063906821,41.79931759606783],[-71.405838639229302,41.799954596829267],[-71.40675464027747,41.799752596465034],[-71.407257639434093,41.799641595995425],[-71.407936639744065,41.799511596790097],[-71.408997640076521,41.799305596263224],[-71.409726641005676,41.799166596517011],[-71.409813640884622,41.799149596129247],[-71.410400641188971,41.799038596476656],[-71.411903641425383,41.798737596258498],[-71.412567641634823,41.798607595968214],[-71.413231642188336,41.798481595666161],[-71.413910642118722,41.798352595615107],[-71.414665642853933,41.798207595792427],[-71.414116642588596,41.797753596097131],[-71.414024641611789,41.797680595817027],[-71.413727642462817,41.797448595802777],[-71.413467641464635,41.797238595782645],[-71.413437641546793,41.797219595729715],[-71.413071641394623,41.79692559561316],[-71.412766641463463,41.796681595346996],[-71.412117641495911,41.796166595417631],[-71.41127064040603,41.795479595702268],[-71.410736640218261,41.79503759552361],[-71.410454641113432,41.794815595123659],[-71.410233640349361,41.794644594896724],[-71.409931640937273,41.79440059565777],[-71.409767639853513,41.794266595637851]]]},"properties":{"TAZ":"721","Municipali":"Providence","SqMi":0.11506115,"Prod2015":3409.516357,"Attrac2015":2298.742409,"Jobs3013":230}},{"type":"Feature","geometry":{"type":"Polygon","coordinates":[[[-71.431564647452433,41.786091592880091],[-71.429008645919396,41.786095593485754],[-71.426398645530043,41.786090592822035],[-71.426262645462955,41.786091593234843],[-71.425204645207216,41.78614359307241],[-71.424518644420331,41.78617159355683],[-71.424190644344151,41.786185593158187],[-71.423740644394769,41.786152592986461],[-71.423110644156779,41.786208593265123],[-71.422890644422779,41.786175593101746],[-71.422089644494335,41.785920593360856],[-71.421967643810746,41.785912592922308],[-71.421701643381923,41.785924593629694],[-71.421647644275438,41.785926593398791],[-71.421652644113294,41.78599059339421],[-71.421666644010642,41.786182593593686],[-71.421684643776516,41.786297593534222],[-71.421689643388689,41.786382593189742],[-71.421701644159896,41.786483593158941],[-71.421734643899811,41.786705593196935],[-71.421801643674911,41.787056593589931],[-71.421887644348871,41.787410593289124],[-71.421996643850235,41.787766593781427],[-71.422064643612131,41.787948593470709],[-71.422276644257778,41.788459594043843],[-71.422305643999692,41.788524593393532],[-71.422344644771357,41.788525593935155],[-71.422508644363177,41.788528593876464],[-71.422806643821119,41.788533593328133],[-71.423363644323345,41.788529594144926],[-71.423416644621099,41.788525594137774],[-71.423401644909703,41.78849159339488],[-71.423248644082875,41.787739593806378],[-71.424194644876849,41.787747593911249],[-71.425339645526293,41.787766593693156],[-71.426216645817448,41.787770593276051],[-71.426384645897443,41.787770593903268],[-71.427071645169704,41.787785593331471],[-71.427101646073069,41.787789593699422],[-71.42854364570411,41.788273593532445],[-71.429733646619084,41.788685593621686],[-71.430031646217472,41.788784593808771],[-71.430412646522598,41.788926593602966],[-71.430840647101448,41.788597593902011],[-71.431366647349364,41.788208593622031],[-71.431328647030796,41.788159593016836],[-71.431328646990565,41.788141593308261],[-71.431320647038248,41.788124593603335],[-71.431320647720824,41.788067593625748],[-71.43144264676026,41.787754592914347],[-71.431511646999454,41.78754159338046],[-71.431526647198041,41.787480593098287],[-71.431541646810558,41.78741559347764],[-71.431572646692857,41.787327593250041],[-71.431595647417453,41.787228593228562],[-71.43161864702364,41.787053593216072],[-71.431625647211746,41.78695059332707],[-71.431625647235904,41.78685659272768],[-71.431625646764516,41.786690593274294],[-71.431625647361386,41.786446593256194],[-71.431602647214504,41.786255592802213],[-71.431564647452433,41.786091592880091]]]},"properties":{"TAZ":"791","Municipali":"Providence","SqMi":0.070979479999999998,"Prod2015":3546.064453,"Attrac2015":3788.047388,"Jobs3013":554}},{"type":"Feature","geometry":{"type":"Polygon","coordinates":[[[-71.407310639263486,41.792294595383012],[-71.407166639803521,41.792179595111293],[-71.406670639185293,41.791771594509704],[-71.406328638804638,41.791495594535192],[-71.406250638824545,41.791432594997858],[-71.40601363847108,41.791195594415925],[-71.405884638664801,41.791039594969654],[-71.405617638669256,41.79072659515591],[-71.405334638613169,41.790398594377152],[-71.405205638954556,41.790249594331236],[-71.4048616383037,41.789849594525549],[-71.404823638231008,41.789799594791305],[-71.404404638524284,41.789311594704898],[-71.404366637992311,41.789265594148482],[-71.404022637986301,41.788849594427795],[-71.403641637876021,41.788395594153201],[-71.403236637948012,41.787922593985861],[-71.402924638240791,41.787552593977843],[-71.402832637647094,41.787449594098781],[-71.402756638334083,41.787362594225804],[-71.402443637288258,41.786984594258357],[-71.402390638055138,41.786927594275312],[-71.402222637996005,41.786721593678571],[-71.402260637855747,41.786950593826994],[-71.402313637181464,41.787205594284892],[-71.402412637418252,41.787571594181067],[-71.402435637624833,41.787671594390297],[-71.402565637740977,41.788140594762012],[-71.402710638397579,41.788689594338841],[-71.40286363826408,41.789261594363175],[-71.402924638000258,41.789490594727781],[-71.403023637707165,41.789849594668681],[-71.403091637517292,41.790123594680225],[-71.403175638541114,41.790421595120243],[-71.403267638028865,41.790768594496122],[-71.403320638694225,41.790982594409442],[-71.403442638690422,41.791413594930852],[-71.403473638169615,41.791527594750043],[-71.403633638741312,41.792096594899164],[-71.403671638149191,41.792252595307694],[-71.403770638926858,41.79259959553935],[-71.403999638016799,41.793377594938072],[-71.404189638380757,41.794008595314864],[-71.404190639043364,41.794026595838105],[-71.404373639231352,41.794663595299468],[-71.404503638553535,41.795128595381776],[-71.404701638287932,41.795853595513648],[-71.404846639096021,41.79636059600773],[-71.404854638408949,41.796410596045469],[-71.409447640875882,41.794008595019939],[-71.409241640017228,41.793843595576533],[-71.408974640091827,41.793625595475774],[-71.408653640375917,41.793373595324141],[-71.408340639693904,41.793118595296356],[-71.408127640415074,41.792946595269491],[-71.407982639235527,41.792832594614723],[-71.407890639926336,41.792755595434194],[-71.407310639263486,41.792294595383012]]]},"properties":{"TAZ":"690","Municipali":"Providence","SqMi":0.083030499999999993,"Prod2015":3227.82251,"Attrac2015":3130.8264490000001,"Jobs3013":401}},{"type":"Feature","geometry":{"type":"Polygon","coordinates":[[[-71.404960639407548,41.796781595871366],[-71.404381638359382,41.797070595870672],[-71.404114638749903,41.797226595640062],[-71.403893638910603,41.797371595956882],[-71.403610638971031,41.797585595726993],[-71.403381638428698,41.797829596462755],[-71.403114637951333,41.798176596448414],[-71.403038639035685,41.798306596011777],[-71.403008638978605,41.798371596224882],[-71.402946638776882,41.79847459632412],[-71.402931638753159,41.798520596624805],[-71.402893638561309,41.798600596076561],[-71.402802638548707,41.798901596798544],[-71.402771638647309,41.799054596598801],[-71.402763637866272,41.799130596848521],[-71.402763638136648,41.799332596171759],[-71.402771638978493,41.799412596682842],[-71.402771638379747,41.799492596723148],[-71.402779638049196,41.799572596330101],[-71.402824637977858,41.799786596576254],[-71.402886639020082,41.800003596709004],[-71.402916639062539,41.800110596392038],[-71.403038639112978,41.800450597135175],[-71.403041638142554,41.800468596633678],[-71.403084638532945,41.800579596657691],[-71.403442638361668,41.801613596838699],[-71.403666638910664,41.802241596993845],[-71.403885639512438,41.802856596907802],[-71.404011638646779,41.803209597155892],[-71.404091639117127,41.803433597309997],[-71.404138638913366,41.803592597510821],[-71.40426663936131,41.803566596999431],[-71.404335638635601,41.803551597139602],[-71.404961639936303,41.803425596905321],[-71.406029639867185,41.803231597097685],[-71.406685639566902,41.8031125968566],[-71.406563639657065,41.8026745968806],[-71.406525640282013,41.802552597371658],[-71.406357639464687,41.801983596657976],[-71.406250639956198,41.801617597246633],[-71.40616663930831,41.801285596361431],[-71.406097639937855,41.800988596806882],[-71.40604463982217,41.800793596693957],[-71.405838639229302,41.799954596829267],[-71.40564063906821,41.79931759606783],[-71.405540639656621,41.798943596619111],[-71.405373639706283,41.798294595777705],[-71.405212638786963,41.797680595941912],[-71.405151638613304,41.797474596404278],[-71.405006639415163,41.796952595760843],[-71.404999638664535,41.796906595892679],[-71.404984638980366,41.796852596153371],[-71.404968638707359,41.796814595599564],[-71.404960639407548,41.796781595871366]]]},"properties":{"TAZ":"729","Municipali":"Providence","SqMi":0.67650195000000002,"Prod2015":1417.22522,"Attrac2015":4914.8560660000003,"Jobs3013":784}},{"type":"Feature","geometry":{"type":"Polygon","coordinates":[[[-71.403770638926858,41.79259959553935],[-71.403284638128667,41.79272259499443],[-71.402893638686422,41.792809595013658],[-71.402260638426753,41.792931595154705],[-71.400673637111765,41.793240595482139],[-71.398842636702938,41.793576595609359],[-71.397583636285844,41.793812595813904],[-71.39777463617088,41.794365595480429],[-71.397926636546075,41.794819596075058],[-71.398193636397437,41.795643595862273],[-71.398268636172318,41.795866595646913],[-71.398384636934097,41.796181596406875],[-71.398582636492534,41.796624595748277],[-71.399093636949033,41.797788596348816],[-71.399691636893763,41.799150596610737],[-71.399845638034705,41.799059596374398],[-71.40070563787404,41.798606596626016],[-71.401523637902883,41.798181596518923],[-71.402091638143276,41.797873596249616],[-71.402366638218794,41.797713596067858],[-71.402752638910485,41.797540596433755],[-71.402969638469216,41.797424595920127],[-71.403091638939713,41.797358596536696],[-71.403380639116776,41.797211595885102],[-71.403529638719377,41.797127595649457],[-71.404569638893761,41.79656059559413],[-71.404854638408949,41.796410596045469],[-71.404846639096021,41.79636059600773],[-71.404701638287932,41.795853595513648],[-71.404503638553535,41.795128595381776],[-71.404373639231352,41.794663595299468],[-71.404190639043364,41.794026595838105],[-71.404189638380757,41.794008595314864],[-71.403999638016799,41.793377594938072],[-71.403770638926858,41.79259959553935]]]},"properties":{"TAZ":"687","Municipali":"Providence","SqMi":0.19109662999999999,"Prod2015":344.913544,"Attrac2015":1213.417201,"Jobs3013":217}},{"type":"Feature","geometry":{"type":"Polygon","coordinates":[[[-71.401657637308489,41.785897593968492],[-71.401123637276598,41.785916593911921],[-71.398293636404517,41.786015594271092],[-71.398247636729792,41.786019594292426],[-71.398384636334001,41.786435594264859],[-71.398567636859312,41.786995594537153],[-71.398766636628181,41.787598594661496],[-71.398972636592603,41.788205594466902],[-71.399162636570182,41.788769594607857],[-71.399345637111878,41.789326594365484],[-71.399529637394892,41.789875595085235],[-71.399719637396217,41.790436595093169],[-71.399719636658716,41.790455595075635],[-71.399910637364016,41.791016594684706],[-71.400101636771367,41.791573595489005],[-71.400299636647318,41.79213059479487],[-71.400337637524373,41.792248595450232],[-71.400488637824708,41.792657595427599],[-71.40049063720879,41.792675595051449],[-71.400673637111765,41.793240595482139],[-71.402260638426753,41.792931595154705],[-71.402893638686422,41.792809595013658],[-71.403284638128667,41.79272259499443],[-71.403770638926858,41.79259959553935],[-71.403671638149191,41.792252595307694],[-71.403633638741312,41.792096594899164],[-71.403473638169615,41.791527594750043],[-71.403442638690422,41.791413594930852],[-71.403320638694225,41.790982594409442],[-71.403267638028865,41.790768594496122],[-71.403175638541114,41.790421595120243],[-71.403091637517292,41.790123594680225],[-71.403023637707165,41.789849594668681],[-71.402924638000258,41.789490594727781],[-71.40286363826408,41.789261594363175],[-71.402710638397579,41.788689594338841],[-71.402565637740977,41.788140594762012],[-71.402435637624833,41.787671594390297],[-71.402412637418252,41.787571594181067],[-71.402313637181464,41.787205594284892],[-71.402260637855747,41.786950593826994],[-71.402222637996005,41.786721593678571],[-71.401932637061606,41.786354594267785],[-71.401878637850075,41.786286593664506],[-71.401657637308489,41.785897593968492]]]},"properties":{"TAZ":"689","Municipali":"Providence","SqMi":0.087311600000000003,"Prod2015":4127.064453,"Attrac2015":3258.77423,"Jobs3013":430}},{"type":"Feature","geometry":{"type":"Polygon","coordinates":[[[-71.443848653358032,41.816693598406012],[-71.443611652195401,41.816750598156752],[-71.443550652851002,41.816758598341174],[-71.443489653167163,41.816765598214069],[-71.443321652113553,41.816773598711592],[-71.443199652911787,41.816769598562765],[-71.44332965233356,41.816826598535286],[-71.443405652326405,41.816876598628767],[-71.443466652365586,41.816944599012416],[-71.443504653262337,41.817040598564958],[-71.44355865230267,41.817089598258775],[-71.443619652948627,41.817143598255981],[-71.443633652252046,41.817171598528986],[-71.443642652326261,41.817189598961022],[-71.44370165260672,41.817235598402483],[-71.444107652448764,41.8175475982435],[-71.444649653096405,41.817959599181933],[-71.445374654062192,41.818520599270265],[-71.445656653855153,41.818749598747829],[-71.445808653205873,41.818871599199966],[-71.445953653288612,41.818997599070684],[-71.446152653318961,41.819268598742156],[-71.446213653569004,41.819352599394449],[-71.446457653299916,41.819703598640935],[-71.446533654349636,41.819779599378485],[-71.44686965444933,41.820130599090334],[-71.446907654539004,41.820164599113156],[-71.44699965423473,41.82024459903927],[-71.447754654241436,41.82090859937351],[-71.447800654576213,41.820942599133168],[-71.448425654514665,41.821404599396111],[-71.448631654745412,41.821553598987165],[-71.449081654339707,41.821888598977857],[-71.44946365465556,41.822174599587441],[-71.449684655124884,41.822335599101343],[-71.450180655721738,41.822705599399043],[-71.450294655864056,41.822792599132526],[-71.450867655350493,41.823201599145669],[-71.45121065603044,41.823445599740722],[-71.451500656243553,41.82365159969536],[-71.451706655306268,41.823803599949784],[-71.45188565584624,41.82393259924519],[-71.452339656608828,41.824257599641776],[-71.452789656589317,41.824578599973293],[-71.453133656915014,41.824734599564806],[-71.453934656650063,41.82510060017804],[-71.454346656191007,41.824582599266996],[-71.454643657131257,41.824204599362929],[-71.454735656405362,41.824086599282019],[-71.455002657336138,41.82375459936857],[-71.455078657514989,41.823670599478653],[-71.455177656979586,41.823628599472045],[-71.455490656524603,41.823559599364934],[-71.455566657484397,41.82354459941012],[-71.456587656790887,41.822150598775487],[-71.454651656982051,41.821812599583666],[-71.454339657170578,41.821745598718522],[-71.454185656403055,41.82171259935442],[-71.453850655942745,41.82164059919905],[-71.453484656751513,41.821541598716607],[-71.45310265635905,41.821404598872597],[-71.452751656404033,41.821255599068287],[-71.452408656483655,41.821091599129772],[-71.452148655960642,41.82093859891183],[-71.451897655992241,41.820774598809663],[-71.451653656217829,41.820599598939786],[-71.451393654948518,41.820374598568471],[-71.45124465521576,41.82024159924638],[-71.450978655794088,41.819970598775832],[-71.449852654567479,41.818718598684107],[-71.449234654315717,41.818057598615844],[-71.448860654391424,41.817665598962002],[-71.448570654554885,41.817387598164188],[-71.448357653899478,41.817200598117743],[-71.44826565403838,41.81712859876707],[-71.448250653743244,41.817112598352622],[-71.447868654235123,41.81707859802524],[-71.447563654126938,41.81705159843851],[-71.447060653819875,41.817002598069394],[-71.446495654020538,41.816952598771543],[-71.445549653318309,41.816861598876308],[-71.444814653583052,41.816795598879096],[-71.44474065323935,41.816788598268438],[-71.443848653358032,41.816693598406012]]]},"properties":{"TAZ":"816","Municipali":"Providence","SqMi":0.11670787000000001,"Prod2015":2408.6743160000001,"Attrac2015":2516.9325490000001,"Jobs3013":218}},{"type":"Feature","geometry":{"type":"Polygon","coordinates":[[[-71.455475656826607,41.813210597697456],[-71.45558965601289,41.813889597537639],[-71.455681656735678,41.81458359739208],[-71.455780657063954,41.815266597612109],[-71.455879656293419,41.815880598213305],[-71.45591065678768,41.816075597916132],[-71.455910656869349,41.81611759793347],[-71.45590265649497,41.816151598049203],[-71.455811657005185,41.816410598444392],[-71.455750657186158,41.816563597847534],[-71.455536657020033,41.817292597924201],[-71.455505656964434,41.817398598375497],[-71.455315656960323,41.817955597996551],[-71.455826657278152,41.818047597982719],[-71.456726657469673,41.818230598082295],[-71.456993657469155,41.818283598774883],[-71.457397657556569,41.818360598800474],[-71.457932657509645,41.818463598674377],[-71.458740658429093,41.818585597983869],[-71.459122658024057,41.818642598269911],[-71.459732658308113,41.818734598047769],[-71.460075658815555,41.818779598851279],[-71.459656657905612,41.817585597749158],[-71.459450657460678,41.816979598408288],[-71.459160657694895,41.816124598353603],[-71.458313657005576,41.813675597793818],[-71.458038656937148,41.812874596952526],[-71.45784865765593,41.812867597467083],[-71.457397657000399,41.812943597314231],[-71.456959657283136,41.813016597621512],[-71.456734656688965,41.813054597559073],[-71.456619656351378,41.813069597100672],[-71.455475656826607,41.813210597697456]]]},"properties":{"TAZ":"808","Municipali":"Providence","SqMi":0.064609559999999996,"Prod2015":3344.016357,"Attrac2015":1164.11994,"Jobs3013":66}},{"type":"Feature","geometry":{"type":"Polygon","coordinates":[[[-71.461578658679471,41.818989598147226],[-71.461479658734447,41.819119598508884],[-71.461411658855383,41.819260598758163],[-71.461319658303239,41.819538598429126],[-71.461220658384477,41.819947598812711],[-71.460983658557453,41.820870599009417],[-71.460800659118078,41.821610598523499],[-71.460579659047966,41.822457599056015],[-71.460523659127702,41.822682599151882],[-71.460487658752058,41.82282759916486],[-71.461331659057876,41.822970599274086],[-71.461594659246245,41.823014598888307],[-71.462250659278638,41.823094599063623],[-71.462578659710999,41.823124599469196],[-71.462891659968207,41.823140599206972],[-71.463203659265389,41.823147598871763],[-71.463516659242842,41.823147598762915],[-71.46383766018613,41.823136599064142],[-71.463909659307674,41.823131598708329],[-71.46415766023982,41.823113599323278],[-71.464478659920161,41.823082599477935],[-71.464836660274514,41.82303359876245],[-71.465538660334488,41.822911599320193],[-71.465987660884679,41.82283059897884],[-71.466958660615092,41.822654599350585],[-71.46836566110764,41.822399598599389],[-71.468376660711328,41.82225159919593],[-71.46927666114685,41.822090598772562],[-71.46982966218205,41.821991598959606],[-71.470192662159889,41.821926599113034],[-71.470604661948542,41.821766598651912],[-71.470943662393552,41.821694598242928],[-71.470558662217343,41.820870598708446],[-71.470542662214697,41.820831598159593],[-71.470520661926571,41.820782598687892],[-71.469894661769416,41.819855597858471],[-71.469360661482241,41.819931598488367],[-71.468925661810161,41.819992598571744],[-71.468796661103937,41.820012597985468],[-71.468704660655888,41.820012598169811],[-71.468437661456235,41.81997759821212],[-71.46775866038314,41.819878598175542],[-71.467651661079231,41.819863598132876],[-71.467247661195728,41.819802598128796],[-71.467110660662811,41.819783598715148],[-71.467049660781669,41.819771598601704],[-71.466385660054556,41.819676598562424],[-71.46595366055665,41.81961359875762],[-71.465599660312577,41.819561598564192],[-71.465225659724084,41.819508598151337],[-71.464745660377901,41.819443598512848],[-71.464363659649038,41.819390598239167],[-71.463989659061099,41.819332598710389],[-71.46387565901054,41.819317598356612],[-71.463646659792175,41.8192795983664],[-71.463013659472765,41.81918859875163],[-71.462250659289481,41.819081598065111],[-71.461578658679471,41.818989598147226]]]},"properties":{"TAZ":"805","Municipali":"Providence","SqMi":0.10758659,"Prod2015":4077.3891600000002,"Attrac2015":4535.572185,"Jobs3013":610}},{"type":"Feature","geometry":{"type":"Polygon","coordinates":[[[-71.464920658619562,41.805882595469903],[-71.464405659003035,41.805129595551456],[-71.464725659572636,41.804972595205328],[-71.464583658994471,41.804999596020821],[-71.464340658544515,41.805001595244306],[-71.464085658978391,41.804987595610569],[-71.463966658708301,41.805003595257865],[-71.463843658980778,41.805031595995295],[-71.463716658897752,41.805049595228333],[-71.46366565888998,41.805054595821325],[-71.46335365892925,41.805086595751334],[-71.463246659127179,41.805102595778727],[-71.463151658447174,41.80512359555857],[-71.463081658838419,41.805147596036399],[-71.463008658382194,41.805183595276041],[-71.462878658321102,41.805171595890435],[-71.462797658205531,41.805140596091839],[-71.462627658669277,41.805059595584183],[-71.462448658317442,41.804993596097844],[-71.462361657825866,41.804974595601301],[-71.462306657810174,41.80497359529528],[-71.462282658254907,41.804990595797804],[-71.462069657720747,41.805070595873019],[-71.461334657401608,41.805329595603126],[-71.459473656866251,41.805378595511435],[-71.457873657249777,41.805490596139883],[-71.457770656306351,41.805477596088728],[-71.457748656726423,41.805512596032457],[-71.457703657196234,41.805577595934359],[-71.457657656620754,41.805638596125945],[-71.457138657035443,41.806397596129479],[-71.457123656562388,41.806416595867034],[-71.456764656846445,41.806908595845805],[-71.456741656514779,41.806939595889133],[-71.456398655852652,41.807431596200061],[-71.456345656308727,41.807515596042023],[-71.457794657307289,41.808060596233631],[-71.458710657471855,41.808430596200189],[-71.459465657691496,41.808743596296665],[-71.46064065771462,41.809227596735688],[-71.461327658433902,41.809506596724717],[-71.462494658300145,41.809986596832729],[-71.462555658102133,41.809834596651868],[-71.462624658765606,41.809693596718034],[-71.462784658335963,41.809418596802175],[-71.46312765917439,41.808838596135963],[-71.463242658515028,41.808632595935734],[-71.463509659011976,41.808178596046254],[-71.463638658314267,41.807949596120558],[-71.464172658639342,41.807026595826635],[-71.464661659137974,41.806168595521633],[-71.464745658847306,41.806050595391447],[-71.464836659550727,41.805958595639702],[-71.464920658619562,41.805882595469903]]]},"properties":{"TAZ":"803","Municipali":"Providence","SqMi":0.091806209999999999,"Prod2015":3447.0664059999999,"Attrac2015":1899.3405729999999,"Jobs3013":179}},{"type":"Feature","geometry":{"type":"Polygon","coordinates":[[[-71.415443644308482,41.836190603038581],[-71.415268645076878,41.836384603155345],[-71.415112644110067,41.836535603396086],[-71.415047644064444,41.836599603581234],[-71.415021644804511,41.836624602939878],[-71.41497064427432,41.836674603278311],[-71.414841644099766,41.836781602907109],[-71.414566645004854,41.836998603413335],[-71.414513644793303,41.837033603330134],[-71.413812644211973,41.837489603880996],[-71.413727644510189,41.837544603829734],[-71.4126436441979,41.838189604003034],[-71.412590643265403,41.838231604049838],[-71.412376643478908,41.838379603267114],[-71.412071644302571,41.838627604082269],[-71.411880643854545,41.838810603483992],[-71.411652643614232,41.839096604233909],[-71.411545643812389,41.839253603770025],[-71.411430643148819,41.839444603679141],[-71.411331643147903,41.839646603536892],[-71.41123264299469,41.839913604059582],[-71.411179643831431,41.840134604015063],[-71.411148642959603,41.840332603832344],[-71.411148643296272,41.84045160411474],[-71.41114064325572,41.8405696042336],[-71.411140643945629,41.840847604068315],[-71.411133643733393,41.840935603915348],[-71.411146643567179,41.841773604575039],[-71.41117164327531,41.843377604812943],[-71.411179643905399,41.843567604576613],[-71.411156644277554,41.844063604820796],[-71.411158643543615,41.844181604496981],[-71.411186643907129,41.845993604802672],[-71.411301643564855,41.84608960560125],[-71.411331643730463,41.846123605658782],[-71.411415643416433,41.846203605037225],[-71.411568644107092,41.846299605154591],[-71.411751643690778,41.846413605134408],[-71.411934643790133,41.846535605209603],[-71.412125643656111,41.846634605717448],[-71.412187644409997,41.846664605522022],[-71.412689644046807,41.84690560487693],[-71.412971644294842,41.847040605527717],[-71.413107644529788,41.847105605627874],[-71.413146644329501,41.847124605208776],[-71.413203644393391,41.847046605347728],[-71.413509644731306,41.846656605210384],[-71.414286644615387,41.845748605072821],[-71.414570644451686,41.845405604773525],[-71.414873644598757,41.844998604803038],[-71.41503964533652,41.844742604450282],[-71.415339644993679,41.844260604736554],[-71.41537464511562,41.844204604375143],[-71.415329645257557,41.844186604994022],[-71.415353645383234,41.844148605064468],[-71.41591864525499,41.843229604202854],[-71.416168645468545,41.842808604826693],[-71.416341645832489,41.84248560452248],[-71.41650664521282,41.842096604318826],[-71.416572645113973,41.841905604350359],[-71.416727645018511,41.841382603849929],[-71.416773644939141,41.841178603677811],[-71.416824645917046,41.840816604218581],[-71.416841645258415,41.84051060359166],[-71.416835645063003,41.840292604174898],[-71.416813645406847,41.840018603883742],[-71.416798645463842,41.839920603900431],[-71.416864644843429,41.839967604281512],[-71.416959645542789,41.840032603530524],[-71.417053646007048,41.840096603503852],[-71.417198645437111,41.840214603693127],[-71.417290645623225,41.840275603905283],[-71.417351645632635,41.840321603730452],[-71.417442645471411,41.840428604034535],[-71.417465645466677,41.840516604225371],[-71.417511645240893,41.840577603607954],[-71.417556645840676,41.840607603641743],[-71.417618645072039,41.840630604023566],[-71.417686646005123,41.840641603575541],[-71.417710645524792,41.840638603740878],[-71.417801646007049,41.840639604347224],[-71.417778645468744,41.84059960390703],[-71.417007645265969,41.839207604105496],[-71.416801644845918,41.838822604004683],[-71.416679645280638,41.838597604045219],[-71.416420644899233,41.838124603575217],[-71.41582564459226,41.837078603268978],[-71.415688644355498,41.836846603674054],[-71.415596644421541,41.836655603255863],[-71.415489644225445,41.836399603529848],[-71.415443644308482,41.836190603038581]]]},"properties":{"TAZ":"879","Municipali":"Providence","SqMi":0.36218351999999998,"Prod2015":9334.9023440000001,"Attrac2015":37431.953750000001,"Jobs3013":5548}},{"type":"Feature","geometry":{"type":"Polygon","coordinates":[[[-71.411331642930435,41.831425602254122],[-71.410629642868713,41.831536602096449],[-71.410408642299529,41.830864602573122],[-71.410393642473693,41.830834602388492],[-71.410248642709846,41.830418601972134],[-71.410156642744823,41.830147601875623],[-71.409988642378494,41.829678601742501],[-71.409813642216562,41.829172601798767],[-71.409729642150268,41.828915601553192],[-71.409172642358925,41.828965602187012],[-71.408379641528015,41.829049601605099],[-71.407585641551336,41.829155601730776],[-71.407608641593683,41.829384602560019],[-71.407890641597675,41.830334601987389],[-71.407906642269523,41.830414602722158],[-71.408028641404584,41.83102560285959],[-71.408203642530495,41.831963602248983],[-71.408279642184525,41.832688602963131],[-71.409050641987974,41.832661602617584],[-71.40930464221897,41.832648602681346],[-71.409668642335319,41.8326316030019],[-71.409798642246642,41.833004602851588],[-71.409821642228422,41.833153602614061],[-71.409828642545392,41.833630602891347],[-71.409836642166283,41.833920602747483],[-71.409821642952878,41.834626602924253],[-71.409828642313002,41.834801602651382],[-71.409828642870238,41.834961603547704],[-71.409813642488089,41.835099602804398],[-71.409904642421111,41.835099603088196],[-71.409935642507136,41.835106603218293],[-71.409958643352311,41.835122603152271],[-71.409988642926336,41.835160602926045],[-71.409996642501127,41.835186602856105],[-71.410065643464918,41.835335603434125],[-71.410095642930102,41.834851603337484],[-71.410149643278032,41.834431602704385],[-71.410172642392283,41.834362602563083],[-71.410545642851488,41.833577603264267],[-71.410660642931106,41.833321603211836],[-71.410690642596123,41.833214602411722],[-71.410713642493562,41.83307760228606],[-71.410744643248577,41.832543602305854],[-71.41075964334469,41.832451602962507],[-71.410789643107421,41.832386602914205],[-71.410835642654391,41.832356602434523],[-71.410950642798525,41.832306602206643],[-71.410973642414689,41.832371602870566],[-71.41098864301226,41.832440602937275],[-71.41104964287365,41.832634602917452],[-71.411064642649535,41.832695602562467],[-71.411140642524529,41.832905602308983],[-71.411163643536156,41.832951603086478],[-71.411175642679922,41.832875603090301],[-71.411255642833638,41.832390602142915],[-71.411308643367946,41.831871602375273],[-71.411331642842143,41.8316926021946],[-71.411331642930435,41.831425602254122]]]},"properties":{"TAZ":"886","Municipali":"Providence","SqMi":0.066592200000000004,"Prod2015":1661.376221,"Attrac2015":772.40310199999999,"Jobs3013":76}},{"type":"Feature","geometry":{"type":"Polygon","coordinates":[[[-71.438538652556247,41.832592601473621],[-71.437828651545843,41.83284860160871],[-71.437141651180141,41.833096602320715],[-71.436523651543922,41.833325602106122],[-71.436211651747456,41.833439602095645],[-71.435463650646469,41.833722601825642],[-71.435318650769759,41.83377160221869],[-71.435135651215191,41.833836602498778],[-71.434746650740138,41.833939602375757],[-71.434464650447339,41.833989602387895],[-71.434311650995681,41.834000601764011],[-71.434143650462431,41.834000601906695],[-71.433929650403797,41.833989602031174],[-71.433693651018274,41.833958602449101],[-71.433426650312185,41.833916602091833],[-71.433350650960037,41.833908601730876],[-71.433121649765326,41.833874602404947],[-71.432808650532664,41.833836601934706],[-71.432663650328749,41.833828602153183],[-71.432526649903295,41.833828601892691],[-71.432449649773048,41.833832601858361],[-71.432076649392357,41.833870602171665],[-71.431656650236206,41.83393160217539],[-71.431419650026925,41.833958602525215],[-71.430534649485537,41.83413460188892],[-71.430237649287335,41.834202602720843],[-71.430267649922598,41.834385602092979],[-71.430313649086145,41.83502260220812],[-71.430351649348466,41.835228602822284],[-71.430389649373922,41.83535060276872],[-71.430443649560075,41.835682602747688],[-71.430458649749696,41.835926602546351],[-71.43045864993806,41.836106602628448],[-71.430450649216297,41.836239602918404],[-71.430595649434025,41.836293602858902],[-71.430862650323846,41.836415603009563],[-71.43125264974158,41.836583602454709],[-71.432083650266975,41.836949602474284],[-71.432838650898262,41.837284602936215],[-71.433464650231727,41.837571603289113],[-71.43363265021172,41.837647602554021],[-71.433800651281999,41.837727602673958],[-71.434349650938458,41.837967602969414],[-71.434502651240138,41.838040603261952],[-71.435341651855524,41.838417603417334],[-71.435753651696501,41.838612602833074],[-71.436546652246946,41.838959603378399],[-71.436760652175408,41.839051602643316],[-71.437119652168334,41.83921560263915],[-71.437386651964914,41.83932560317259],[-71.438007652663572,41.839586603008982],[-71.438240652212983,41.839684603305756],[-71.438278652933832,41.839573603115511],[-71.438362651759874,41.839291603087183],[-71.438515652408128,41.838700602655898],[-71.438797652146008,41.837677602273892],[-71.438805652502907,41.837601602720305],[-71.438789652596626,41.837483603124433],[-71.438614652074577,41.836869602657167],[-71.438538651751287,41.836567602177219],[-71.438416652424635,41.836155602490848],[-71.438271651724378,41.835575602502104],[-71.438245652077285,41.83549060201031],[-71.438209651656237,41.835370602689295],[-71.438675652795837,41.835339602575843],[-71.439117652524175,41.835289602422215],[-71.439109652830538,41.835271602222655],[-71.439064652600905,41.835041602275489],[-71.438980651870708,41.834675601703793],[-71.438797652464189,41.833821601866781],[-71.438568652237734,41.832669601871977],[-71.438538652556247,41.832592601473621]]]},"properties":{"TAZ":"841","Municipali":"Providence","SqMi":0.1296504,"Prod2015":4670.4204099999997,"Attrac2015":6680.4563749999998,"Jobs3013":1051}},{"type":"Feature","geometry":{"type":"Polygon","coordinates":[[[-71.427498649367848,41.841763603931085],[-71.426659649248236,41.842266603729399],[-71.426636648726785,41.842286604434442],[-71.425507648601112,41.843010604064602],[-71.424889647913218,41.843407604020982],[-71.423714647878199,41.844193604297644],[-71.424210647462658,41.844632604586138],[-71.424255648208472,41.844670604167504],[-71.424553648190411,41.84492560456129],[-71.424652648544097,41.844998604913648],[-71.424789648184117,41.845055604975776],[-71.425056648802965,41.845135604232979],[-71.425446648946846,41.845227605024476],[-71.425717648092899,41.84529560475206],[-71.427063649165746,41.845631604988732],[-71.427582649275479,41.845749604649157],[-71.428383649090506,41.845932605058103],[-71.428993650225991,41.846062604304485],[-71.428902650224543,41.845936604448532],[-71.428726649582345,41.845551604221399],[-71.428658649994262,41.845398604732416],[-71.428169649669641,41.844342603950523],[-71.427887649393341,41.8437436042692],[-71.427864649083162,41.843693604027465],[-71.427849648866214,41.843647604500944],[-71.427780649527563,41.843483604398592],[-71.427757649404953,41.843266604247304],[-71.427742648770277,41.843182604183561],[-71.427704648620505,41.842961604280084],[-71.427582648886215,41.842297603627735],[-71.427513649214148,41.84189360407052],[-71.427498649367848,41.841763603931085]]]},"properties":{"TAZ":"861","Municipali":"Providence","SqMi":0.12628745,"Prod2015":2529.6311040000001,"Attrac2015":2159.5032369999999,"Jobs3013":247}},{"type":"Feature","geometry":{"type":"Polygon","coordinates":[[[-71.43363265021172,41.837647602554021],[-71.433434650951,41.838421602864045],[-71.4332966507896,41.839001603136197],[-71.433128650439059,41.839474603120202],[-71.433044650469284,41.839684602922645],[-71.43301465045576,41.839741602903047],[-71.432953651112555,41.839886603574286],[-71.43286165065696,41.840050603020686],[-71.4324346506951,41.840683603131289],[-71.432411651061813,41.840725603840788],[-71.432281650934144,41.841042603554499],[-71.43220565082845,41.841336603460782],[-71.432465650857296,41.841359603574944],[-71.432755650806484,41.841401603376099],[-71.433594650459199,41.841504603863051],[-71.433853650654214,41.841545603399005],[-71.434227651219274,41.841591603905258],[-71.43445665114055,41.841629603882708],[-71.435020651658434,41.841664603504327],[-71.43517365107958,41.841671603641906],[-71.435486651976447,41.841694603407298],[-71.435860651881327,41.841721603281933],[-71.436783652334384,41.841782603207768],[-71.437210651541321,41.841813603730763],[-71.437416651778349,41.841843603742539],[-71.437691652538447,41.841900603229945],[-71.437737652852078,41.841908603359293],[-71.438377652136936,41.84207260365713],[-71.438576653011651,41.842129603443333],[-71.438858652573415,41.842224603503233],[-71.43914865321203,41.842331603199206],[-71.439438652713093,41.842453603576331],[-71.43962965261143,41.842556603637938],[-71.439796653078716,41.842659603408983],[-71.439873652781571,41.842701603945919],[-71.440498653034396,41.843102603659581],[-71.440521653858212,41.842881603555959],[-71.4405216527812,41.842457603345515],[-71.440544653204327,41.84188160389246],[-71.440552652920246,41.841324603633602],[-71.440567653241715,41.840817603573193],[-71.440552652938933,41.840641603274698],[-71.440094653559484,41.840451603033316],[-71.439949653478692,41.840386603094608],[-71.439804653418051,41.840329603370115],[-71.439095652044756,41.840035603502287],[-71.438240652212983,41.839684603305756],[-71.438007652663572,41.839586603008982],[-71.437386651964914,41.83932560317259],[-71.437119652168334,41.83921560263915],[-71.436760652175408,41.839051602643316],[-71.436546652246946,41.838959603378399],[-71.435753651696501,41.838612602833074],[-71.435341651855524,41.838417603417334],[-71.434502651240138,41.838040603261952],[-71.434349650938458,41.837967602969414],[-71.433800651281999,41.837727602673958],[-71.43363265021172,41.837647602554021]]]},"properties":{"TAZ":"844","Municipali":"Providence","SqMi":0.077808849999999999,"Prod2015":2816.6052249999998,"Attrac2015":2579.5519399999998,"Jobs3013":340}},{"type":"Feature","geometry":{"type":"Polygon","coordinates":[[[-71.413146644329501,41.847124605208776],[-71.413107644529788,41.847105605627874],[-71.412950644603626,41.847071605298751],[-71.412885644601545,41.847169605338472],[-71.412373644318123,41.848212605556043],[-71.411877644630096,41.84922260565898],[-71.411543643768553,41.849915605739199],[-71.411396643550646,41.850222605976946],[-71.411224643928918,41.85053160614379],[-71.411100644684197,41.850803606088796],[-71.41076864415794,41.851386605871241],[-71.410425643373145,41.851930606127077],[-71.410187643359833,41.852382606552929],[-71.410309644272886,41.852280606547552],[-71.410652644320905,41.851993606538265],[-71.410786644343915,41.851881606322458],[-71.411244644177287,41.851498606376758],[-71.410938644170912,41.852310606280078],[-71.410595644049835,41.852883606756862],[-71.410524643513895,41.852981606990646],[-71.410347644173797,41.853247606287148],[-71.409981643716506,41.853819606414667],[-71.409371643329152,41.854747607213284],[-71.409064643525298,41.855239607425084],[-71.408992643098301,41.85533860705138],[-71.40871064306252,41.855654607000027],[-71.408459643115705,41.855982607202975],[-71.408417643957335,41.856024607655527],[-71.408344643529716,41.856095607452005],[-71.408266643793183,41.856172607541424],[-71.408024643504689,41.856455607116004],[-71.407929643205392,41.856563607188043],[-71.407956643529829,41.856563607220096],[-71.408845643189807,41.856568607182524],[-71.409324643559017,41.85655760699629],[-71.409605644357868,41.856510606830277],[-71.409748644229836,41.856704607270494],[-71.409818644531924,41.856798607679238],[-71.410190643835051,41.857303606964713],[-71.410262644400845,41.85739860712841],[-71.410790644835018,41.858087607818184],[-71.41078264488776,41.858033607642817],[-71.410759644627177,41.857541607354101],[-71.410759643981038,41.857376607530163],[-71.410759644910954,41.857209607159106],[-71.410759644077132,41.857045607597271],[-71.410767644420233,41.856934607047307],[-71.410767643817621,41.856827607668912],[-71.410774644364537,41.856717607509736],[-71.410782643803543,41.856617607241574],[-71.410797643784576,41.856465607271268],[-71.410820644653583,41.856354607551069],[-71.410828644666736,41.856335606794374],[-71.41084364459816,41.856228607345145],[-71.410934644628398,41.856049606750723],[-71.411003644513158,41.855935606716365],[-71.411346644947756,41.855439607375573],[-71.411667644676243,41.854947607343874],[-71.41202564408924,41.854432606846082],[-71.412338645123825,41.853989606668186],[-71.412422644208419,41.85383660656246],[-71.412491644595789,41.853672606373827],[-71.412628644623965,41.853199606099842],[-71.412857644395658,41.852394606555841],[-71.4130106448969,41.851780606410614],[-71.413025645087956,41.851712606424663],[-71.413033644309934,41.851658605854688],[-71.413437644869489,41.850113605519127],[-71.413528645151203,41.849812606271975],[-71.413574644234501,41.849720605862139],[-71.413773644764262,41.849366605607692],[-71.414024645370759,41.848961605675534],[-71.414124645301584,41.848809605633534],[-71.414413645451063,41.848320605750665],[-71.414711645624777,41.847851605545749],[-71.413933644629665,41.847496605196703],[-71.413414644775827,41.847252605770571],[-71.413226644040719,41.847162604941289],[-71.413146644329501,41.847124605208776]]]},"properties":{"TAZ":"873","Municipali":"Providence","SqMi":0.19452831000000001,"Prod2015":2989.7126459999999,"Attrac2015":10616.875410000001,"Jobs3013":1874}},{"type":"Feature","geometry":{"type":"Polygon","coordinates":[[[-71.413812644211973,41.837489603880996],[-71.413666644579536,41.837380603790223],[-71.413422644286186,41.837185603249843],[-71.413063643492421,41.836911603294183],[-71.412720643693476,41.836659603315375],[-71.412476643493122,41.836476603146842],[-71.412262643958755,41.836285603362008],[-71.412125643148215,41.836182603514196],[-71.411903643062885,41.83587760333495],[-71.411652643692207,41.83548460297596],[-71.411636643309294,41.835438603200295],[-71.41161364347802,41.835392603438493],[-71.411552643576229,41.835236603520961],[-71.411514642765709,41.835110603446005],[-71.411507642891834,41.835057603250533],[-71.411469643478753,41.834931603157891],[-71.411446643843746,41.834858603117404],[-71.411407642745417,41.834603602670384],[-71.41138564316698,41.834492602809284],[-71.411377643263023,41.834328602727673],[-71.411369643436117,41.834294603384151],[-71.411369643720008,41.834217602854444],[-71.411377642957106,41.834172602916418],[-71.411377643808422,41.834126602833493],[-71.411392642976153,41.834050602443718],[-71.411392643793235,41.834011602490115],[-71.411430643659514,41.833779602905601],[-71.411438643569326,41.833702603134711],[-71.411447643281718,41.833656602782838],[-71.411453643768908,41.833626602732117],[-71.411453643766379,41.83348160233605],[-71.411438642740293,41.833424602952647],[-71.411400643503057,41.833317602643163],[-71.41136264375902,41.833241602771515],[-71.411321643262553,41.833197603099492],[-71.41128564293895,41.833157602976293],[-71.411227643134765,41.833071602856556],[-71.411163643536156,41.832951603086478],[-71.411140642524529,41.832905602308983],[-71.411064642649535,41.832695602562467],[-71.41104964287365,41.832634602917452],[-71.41098864301226,41.832440602937275],[-71.410973642414689,41.832371602870566],[-71.410950642798525,41.832306602206643],[-71.410835642654391,41.832356602434523],[-71.410789643107421,41.832386602914205],[-71.41075964334469,41.832451602962507],[-71.410744643248577,41.832543602305854],[-71.410713642493562,41.83307760228606],[-71.410690642596123,41.833214602411722],[-71.410660642931106,41.833321603211836],[-71.410545642851488,41.833577603264267],[-71.410172642392283,41.834362602563083],[-71.410149643278032,41.834431602704385],[-71.410095642930102,41.834851603337484],[-71.410065643464918,41.835335603434125],[-71.409996642501127,41.835186602856105],[-71.409988642926336,41.835160602926045],[-71.409958643352311,41.835122603152271],[-71.409935642507136,41.835106603218293],[-71.409904642421111,41.835099603088196],[-71.409813642488089,41.835099602804398],[-71.40978264328912,41.83535860303504],[-71.409729643013179,41.835770602908831],[-71.409691642426182,41.836178603516423],[-71.409645642244598,41.836403603209519],[-71.409573643240762,41.836757603530444],[-71.409554642576651,41.836853603301662],[-71.40943964337059,41.837345604032073],[-71.40928664275549,41.83806660339981],[-71.40922564299143,41.838356603482723],[-71.409218642470776,41.83841760392653],[-71.409058642449438,41.839146604023881],[-71.409042642493006,41.839199604126996],[-71.408966642737951,41.839415604205385],[-71.408806642408493,41.839875603729382],[-71.408661642154769,41.840310604451716],[-71.408638642110091,41.840355603925964],[-71.40851664240283,41.840619604560693],[-71.408722642229179,41.840638604397299],[-71.409645642634601,41.840691604123329],[-71.409843643655648,41.840710604660515],[-71.410065643581589,41.840744604360204],[-71.410231643041399,41.840773604423532],[-71.410889644041049,41.840889603926833],[-71.410934643848194,41.840901604309501],[-71.411133643733393,41.840935603915348],[-71.411140643945629,41.840847604068315],[-71.41114064325572,41.8405696042336],[-71.411148643296272,41.84045160411474],[-71.411148642959603,41.840332603832344],[-71.411179643831431,41.840134604015063],[-71.41123264299469,41.839913604059582],[-71.411331643147903,41.839646603536892],[-71.411430643148819,41.839444603679141],[-71.411545643812389,41.839253603770025],[-71.411652643614232,41.839096604233909],[-71.411880643854545,41.838810603483992],[-71.412071644302571,41.838627604082269],[-71.412376643478908,41.838379603267114],[-71.412590643265403,41.838231604049838],[-71.4126436441979,41.838189604003034],[-71.413727644510189,41.837544603829734],[-71.413812644211973,41.837489603880996]]]},"properties":{"TAZ":"889","Municipali":"Providence","SqMi":0.19689124999999999,"Prod2015":3559.6364749999998,"Attrac2015":6970.5459350000001,"Jobs3013":1093}},{"type":"Feature","geometry":{"type":"Polygon","coordinates":[[[-71.454826656806574,41.830288601022026],[-71.454590657018727,41.830300600427599],[-71.453972656496475,41.830342601077845],[-71.453850656297334,41.829022600126414],[-71.453979656534827,41.829026600765665],[-71.453957656325713,41.82883160008889],[-71.45383565644083,41.828827600437563],[-71.453331656232024,41.828808600409474],[-71.453217656221241,41.828808600857592],[-71.45306465678496,41.828804600363505],[-71.452850657014864,41.828797600824359],[-71.452255656655808,41.828804601000506],[-71.451515655735804,41.828820600701476],[-71.450974655690004,41.828869600738336],[-71.450317656088245,41.828923600819778],[-71.449142654914311,41.829033600563271],[-71.449249655008288,41.829605600918583],[-71.449387655959072,41.83043760116275],[-71.44952465576155,41.831250600830543],[-71.449745656264767,41.832707601512674],[-71.45060765574047,41.832627601257784],[-71.45103565624953,41.832581601620632],[-71.451324656528996,41.832554601742139],[-71.451607655845038,41.8325286015857],[-71.452049656323297,41.832486601569769],[-71.452339656144829,41.832459601354891],[-71.452782657268173,41.832417601633971],[-71.453026656415048,41.832390601474756],[-71.453796657457346,41.832318601259004],[-71.454552657598299,41.832249601074636],[-71.454689657604675,41.832238600835964],[-71.45459765758784,41.830681600527846],[-71.45461365659591,41.830643600843203],[-71.454689656911313,41.830525600912928],[-71.454811657729692,41.830368601044718],[-71.454826656806574,41.830288601022026]]]},"properties":{"TAZ":"830","Municipali":"Providence","SqMi":0.063418820000000001,"Prod2015":2455.1735840000001,"Attrac2015":1016.2718599999999,"Jobs3013":73}},{"type":"Feature","geometry":{"type":"Polygon","coordinates":[[[-71.451157655872066,41.837426602279095],[-71.450912655790034,41.836739602146075],[-71.450722656253888,41.836216601785161],[-71.450485655763941,41.83556860217535],[-71.449486655635198,41.835423601724059],[-71.44892165548282,41.835343601727807],[-71.448807655067313,41.835335601894378],[-71.44870865608975,41.835335601849437],[-71.44854765516412,41.835350601508942],[-71.448296655043109,41.835385601997181],[-71.447784655572093,41.835575601954076],[-71.447357654859758,41.835743601930737],[-71.447060655182312,41.835858602476762],[-71.446312654317353,41.836144602438701],[-71.445526654941119,41.836434602211561],[-71.445618654372737,41.837258602668243],[-71.445147654752617,41.837289602441018],[-71.444702654529038,41.83731960262196],[-71.444870654648,41.838978602455889],[-71.444931654663051,41.839554602857739],[-71.445869655367275,41.839547602915189],[-71.446579655194682,41.839550602997576],[-71.44679365534688,41.839535602759348],[-71.446915655400161,41.83947460281496],[-71.44693865562158,41.839291602730661],[-71.446938655143313,41.839054602369842],[-71.445869654351483,41.839051602456948],[-71.445816654846539,41.839032602854843],[-71.445770655157929,41.838986602707479],[-71.445778654756239,41.838646602982905],[-71.446442654624221,41.838646602971771],[-71.446903655396156,41.838651602280493],[-71.447227655583177,41.838654602955906],[-71.4480746555259,41.838658602909049],[-71.448914655769727,41.838665602432187],[-71.449753656611023,41.838677602152885],[-71.450668656868288,41.838673602398337],[-71.451607656770364,41.838669602766885],[-71.45122565691652,41.83763560228541],[-71.451157655872066,41.837426602279095]]]},"properties":{"TAZ":"828","Municipali":"Providence","SqMi":0.066948960000000002,"Prod2015":2197.929443,"Attrac2015":954.43932400000006,"Jobs3013":69}},{"type":"Feature","geometry":{"type":"Polygon","coordinates":[[[-71.470444662302569,41.832920601195468],[-71.470360662048478,41.832970600564238],[-71.470238662252228,41.833035600477452],[-71.470009661887815,41.833142601080105],[-71.469788661910528,41.833233600711324],[-71.46935366233302,41.833439600884972],[-71.469009662223087,41.833596600558828],[-71.468636662456348,41.833702600615858],[-71.468529661492425,41.833729601313969],[-71.468224661449611,41.833802601427614],[-71.467827661095299,41.833889601373912],[-71.467766661333428,41.833893600683751],[-71.467484662065132,41.833916601386257],[-71.466904661364921,41.833931601054445],[-71.466255661405782,41.833935601520629],[-71.466026660826657,41.833935601549435],[-71.465546661190317,41.833924601410004],[-71.464996660244125,41.833893601247119],[-71.464851660270284,41.833866600840445],[-71.464767661188986,41.833840601245065],[-71.4646916600596,41.833802600734643],[-71.464485660373228,41.833714601177121],[-71.46435566008941,41.833893601314898],[-71.464333660475802,41.833943601083156],[-71.464333660897367,41.834042601394522],[-71.463442660603661,41.834014600781884],[-71.463097660214984,41.834004601154881],[-71.462936660613778,41.833997601410957],[-71.462967659681738,41.834324601703948],[-71.462975660289231,41.834450601232369],[-71.462997659582555,41.83461860154808],[-71.463043659825459,41.834813601720235],[-71.463104660216786,41.83500760100825],[-71.463150659653408,41.835110601863178],[-71.46322666024939,41.835312601790754],[-71.463318659974547,41.835514601368843],[-71.46336466062489,41.835633601138362],[-71.463486660029318,41.835901601316557],[-71.463516660717517,41.835968601405476],[-71.463570660295105,41.83607160191454],[-71.463654660046871,41.836281601764561],[-71.463684660000609,41.836384601821294],[-71.463707660607497,41.836491601659723],[-71.46375366019798,41.836640601415262],[-71.463837660442579,41.837044601429433],[-71.463852660046697,41.837147602107535],[-71.463875660888689,41.837246601495622],[-71.464138661127635,41.838131601642722],[-71.464503661500203,41.840807602835561],[-71.464504661440543,41.840917602758104],[-71.464503661221769,41.841557602696049],[-71.465375661008892,41.840940602111289],[-71.46543366186188,41.840899602911698],[-71.465662660985373,41.84078660272781],[-71.466886661503906,41.840183601878906],[-71.46874266261058,41.839268601991876],[-71.469144662584327,41.839013601813406],[-71.470535662963442,41.838456602176372],[-71.470979662493392,41.838220601629452],[-71.471016662958846,41.8382006018645],[-71.471252662816426,41.838036601617425],[-71.472667663061557,41.837119601766574],[-71.472645663217094,41.837086601846032],[-71.472589662914245,41.83704860143947],[-71.472525663609204,41.837016601645672],[-71.472459663701784,41.83698960181335],[-71.472381663600444,41.836944601302889],[-71.47235766329095,41.836916601322237],[-71.47232966373123,41.836882601421337],[-71.472313662816362,41.836825601671066],[-71.472303663245768,41.836763601087178],[-71.47226266376147,41.836704601050144],[-71.472046663412371,41.836523601461735],[-71.471797662675655,41.836284601690288],[-71.471753662810798,41.836230601207674],[-71.471733663442151,41.836197601599238],[-71.471721663196789,41.836177601236912],[-71.471702663402894,41.836116601354533],[-71.47169566315344,41.836052601797974],[-71.471703662676703,41.835982601581186],[-71.471744663321346,41.835850601397773],[-71.471749662493522,41.835794601595616],[-71.471674662660988,41.835663601033708],[-71.471667662572585,41.83560760097501],[-71.471673663286609,41.835565601679384],[-71.471676662716732,41.835542601479681],[-71.471791662482374,41.835239601148068],[-71.471852662872791,41.835115600821766],[-71.471889663673863,41.835051601234532],[-71.471932662638153,41.834997601356726],[-71.471963662678505,41.834945600886854],[-71.47198766328998,41.834915601168312],[-71.472008663648467,41.834924601566925],[-71.472176662858104,41.834941601150945],[-71.472194663555953,41.834899601127596],[-71.472232663274156,41.834843601174889],[-71.472334662959824,41.834714601004379],[-71.472381663125276,41.834643600830404],[-71.472416663643699,41.834573600732604],[-71.472476663452341,41.834372601083558],[-71.472477663787302,41.834316601177434],[-71.472462662661115,41.834242600572317],[-71.472432663090942,41.834189601260682],[-71.47238366296645,41.834130601120833],[-71.472235663025529,41.834008601104514],[-71.472064663016326,41.833882600502584],[-71.471994663027857,41.833815600980081],[-71.471827663075729,41.833629600639902],[-71.471745663293731,41.833546600805107],[-71.471673663352163,41.83349560050663],[-71.47159066294364,41.833446600695815],[-71.471063662742935,41.833215600754386],[-71.47097266277386,41.83316560090428],[-71.470902662871381,41.833118600828755],[-71.47083466295274,41.833081600378023],[-71.470608662509463,41.832990600479881],[-71.470586662456924,41.832976600886596],[-71.470444662302569,41.832920601195468]]]},"properties":{"TAZ":"821","Municipali":"Providence","SqMi":0.17493864000000001,"Prod2015":7561.2578130000002,"Attrac2015":7043.3027760000004,"Jobs3013":1039}},{"type":"Feature","geometry":{"type":"Polygon","coordinates":[[[-71.442467653969601,41.841458603560895],[-71.442093653519805,41.841298603074598],[-71.441643653698094,41.841099603387732],[-71.441147653370862,41.840889603260699],[-71.440628653054063,41.840676603580434],[-71.440552652938933,41.840641603274698],[-71.440567653241715,41.840817603573193],[-71.440552652920246,41.841324603633602],[-71.440544653204327,41.84188160389246],[-71.4405216527812,41.842457603345515],[-71.440521653858212,41.842881603555959],[-71.440498653034396,41.843102603659581],[-71.440323653296943,41.843727604175847],[-71.440178653461629,41.844212604113807],[-71.440102653761912,41.844437603679204],[-71.439896653365579,41.845093603825497],[-71.43971365259334,41.845734604289184],[-71.439644652898508,41.845997604065715],[-71.439560653386593,41.846348604684124],[-71.439392653522262,41.846951604688812],[-71.439247653197356,41.847485604877114],[-71.439064653434258,41.848168604718879],[-71.438881653597775,41.848828605102952],[-71.438866653053111,41.84900360533711],[-71.438900652978802,41.849096604728032],[-71.438370653213269,41.848973604886545],[-71.438942653678467,41.849209604822668],[-71.439522652893331,41.849450604777935],[-71.439865653396097,41.84958360511726],[-71.440208653185138,41.849717604702171],[-71.440559653341751,41.849854604618351],[-71.440598653476755,41.84986560529007],[-71.441254654364656,41.850102604948376],[-71.441422653418783,41.850163604767637],[-71.441986653755265,41.850380605439199],[-71.442207654840317,41.850460605441278],[-71.443024654352541,41.850743604686429],[-71.443214654709976,41.850811604796583],[-71.44317665475559,41.850266604655332],[-71.443169654696533,41.85019060474545],[-71.443130654612787,41.849633605258347],[-71.443123654172197,41.849476604813773],[-71.443108654775628,41.849316604985162],[-71.443085654958821,41.849080604724826],[-71.443054654210513,41.848671604511914],[-71.443047654439738,41.84851960450338],[-71.443016654327735,41.8480996048336],[-71.443001654249656,41.847935604758597],[-71.442963654120589,41.84750860414465],[-71.442947654737765,41.847313604070983],[-71.442909654192519,41.846848604696845],[-71.442842654160458,41.846033603955021],[-71.442802654665982,41.845555604387734],[-71.44280265474579,41.845513603687088],[-71.442764654671961,41.845139603843712],[-71.44276465460473,41.84510860435325],[-71.442719654633223,41.844719604072239],[-71.442665653715309,41.844021603672978],[-71.442604653494627,41.843373603477708],[-71.442650653959944,41.843380604064428],[-71.442627654072169,41.84296560387704],[-71.442581654350931,41.842575603523173],[-71.442543654143847,41.842541603101317],[-71.442467653969601,41.841458603560895]]]},"properties":{"TAZ":"847","Municipali":"Providence","SqMi":0.097027859999999994,"Prod2015":4317.1132809999999,"Attrac2015":6456.0967710000004,"Jobs3013":1032}},{"type":"Feature","geometry":{"type":"Polygon","coordinates":[[[-71.439918652297649,41.822583599597344],[-71.440134652511858,41.822618599645878],[-71.44030965146348,41.822618599775602],[-71.440495652427856,41.822646599614792],[-71.440688651960954,41.822658600120391],[-71.441113651760304,41.822676599582792],[-71.441283652064442,41.822676600167938],[-71.441584652967549,41.822656599509237],[-71.441690652671809,41.822609599784414],[-71.44186465243753,41.82250859957805],[-71.441910652681329,41.822468600025879],[-71.441999651978861,41.822375599337924],[-71.442148653147541,41.822163599331965],[-71.442195652565985,41.82211359918692],[-71.442258652996273,41.822078599531935],[-71.442317652099604,41.822038600044316],[-71.442368652763079,41.821978599956395],[-71.442395652968486,41.821927599318585],[-71.442410652803943,41.821880599172864],[-71.442436652783499,41.82179859930681],[-71.442454652736245,41.821683599754692],[-71.442509652588612,41.821502599464175],[-71.442585653272545,41.821205598980782],[-71.442615652671364,41.821027599565952],[-71.442634652877018,41.82096859894358],[-71.44266865284375,41.820898599142467],[-71.442707652471299,41.820843599695216],[-71.442735652266649,41.820777598893443],[-71.442747652535871,41.820712599393033],[-71.442751652872246,41.820595599440658],[-71.442742652140964,41.820541599734945],[-71.442724652441782,41.820477599061057],[-71.44264365307771,41.820309599223954],[-71.442525653055441,41.820014599486399],[-71.44247165284105,41.81991259898178],[-71.442401652120012,41.819732599323167],[-71.442324653060552,41.819427599108174],[-71.442321652617792,41.819396598872416],[-71.442268652458168,41.819409599278764],[-71.442203652686487,41.819423599304585],[-71.442085652952585,41.819447598780066],[-71.441849652299354,41.819504598972358],[-71.441765652574276,41.819519599313061],[-71.441628652091453,41.819550598737401],[-71.441483652358428,41.819577599112293],[-71.441391652136218,41.819588599391949],[-71.441177652695899,41.819584598741642],[-71.440788651867365,41.819542598781837],[-71.440498651873028,41.819519599195289],[-71.440384651919729,41.820244599677956],[-71.440201651534764,41.821278599597598],[-71.440094652141454,41.821797599955495],[-71.4399376520213,41.822480599812579],[-71.439918652297649,41.822583599597344]]]},"properties":{"TAZ":"819","Municipali":"Providence","SqMi":0.075506139999999999,"Prod2015":1572.6551509999999,"Attrac2015":3193.4714239999998,"Jobs3013":528}},{"type":"Feature","geometry":{"type":"Polygon","coordinates":[[[-71.398247636729792,41.786019594292426],[-71.397728635790628,41.7860385944388],[-71.395042635492118,41.78615659418449],[-71.395325635270538,41.78700759443975],[-71.395508635573634,41.787571594356081],[-71.395714635994864,41.788178594597511],[-71.395902635493243,41.788748594610404],[-71.39591263521838,41.788765594988419],[-71.395914635609515,41.788783594704711],[-71.396095635915032,41.789338594551097],[-71.39627863566821,41.789883594829909],[-71.396469635539574,41.790448595039194],[-71.396652635552229,41.791008595266767],[-71.396843636420556,41.791581595210793],[-71.397026635672248,41.792141595632948],[-71.39706463650586,41.792244594923446],[-71.397209636030126,41.792691595581331],[-71.397392635926792,41.793244595134141],[-71.397552636526953,41.793732595966567],[-71.397583636285844,41.793812595813904],[-71.398842636702938,41.793576595609359],[-71.400673637111765,41.793240595482139],[-71.40049063720879,41.792675595051449],[-71.400488637824708,41.792657595427599],[-71.400337637524373,41.792248595450232],[-71.400299636647318,41.79213059479487],[-71.400101636771367,41.791573595489005],[-71.399910637364016,41.791016594684706],[-71.399719636658716,41.790455595075635],[-71.399719637396217,41.790436595093169],[-71.399529637394892,41.789875595085235],[-71.399345637111878,41.789326594365484],[-71.399162636570182,41.788769594607857],[-71.398972636592603,41.788205594466902],[-71.398766636628181,41.787598594661496],[-71.398567636859312,41.786995594537153],[-71.398384636334001,41.786435594264859],[-71.398247636729792,41.786019594292426]]]},"properties":{"TAZ":"688","Municipali":"Providence","SqMi":0.19109662999999999,"Prod2015":4536.6220700000003,"Attrac2015":3908.389799,"Jobs3013":536}},{"type":"Feature","geometry":{"type":"Polygon","coordinates":[[[-71.40721164007806,41.81013959816957],[-71.407188640340109,41.810685598301475],[-71.407181640994807,41.810826598800737],[-71.407555640368699,41.810757598350584],[-71.408653640561297,41.810601598391116],[-71.40972964130215,41.810452598716331],[-71.41120964180287,41.810234598092165],[-71.412796642624173,41.810051598337061],[-71.412895642229259,41.81003659811585],[-71.412758642692509,41.809372598076024],[-71.4118656424329,41.809472598111462],[-71.411674641925103,41.808606597695466],[-71.411255642076014,41.807507597773402],[-71.412125642139273,41.807305597652487],[-71.413508641932211,41.806965597457143],[-71.413528642808686,41.806950597500688],[-71.413368641872651,41.806599597240705],[-71.413109642725885,41.805947597660442],[-71.412735642034789,41.80603459790099],[-71.411926641648051,41.806225597765362],[-71.411433641188623,41.806342597323273],[-71.410881641773997,41.806473597956163],[-71.409981640888617,41.806687597361012],[-71.40878364068891,41.806958598157799],[-71.407249640429797,41.807320597787694],[-71.407242640172626,41.807915597845593],[-71.407234640084866,41.808247598037354],[-71.407227640822953,41.808525598287247],[-71.407227640965829,41.808982598516302],[-71.407227640870374,41.809445598588823],[-71.407227640328045,41.80957859803064],[-71.40721164007806,41.81013959816957]]]},"properties":{"TAZ":"732","Municipali":"Providence","SqMi":0.13862342,"Prod2015":1108.536255,"Attrac2015":2343.8192770000001,"Jobs3013":383}},{"type":"Feature","geometry":{"type":"Polygon","coordinates":[[[-71.413368641872651,41.806599597240705],[-71.413528642808686,41.806950597500688],[-71.413508641932211,41.806965597457143],[-71.412125642139273,41.807305597652487],[-71.411255642076014,41.807507597773402],[-71.411674641925103,41.808606597695466],[-71.4118656424329,41.809472598111462],[-71.412758642692509,41.809372598076024],[-71.412895642229259,41.81003659811585],[-71.414246642422583,41.809872598032328],[-71.414360642539236,41.80987259844045],[-71.415665643310533,41.80996459835837],[-71.41580264324881,41.80930759763632],[-71.415886643064553,41.80888859757799],[-71.415970643500728,41.808464597826855],[-71.415977642970788,41.808354598218486],[-71.415962642943143,41.808270597909328],[-71.4159326434702,41.808167597500486],[-71.415733642644483,41.807705597650951],[-71.415474643225622,41.807103597744344],[-71.414604642923621,41.807278597656627],[-71.414230642644966,41.806404597782375],[-71.413368641872651,41.806599597240705]]]},"properties":{"TAZ":"713","Municipali":"Providence","SqMi":0.10190047000000001,"Prod2015":469.66561899999999,"Attrac2015":1125.56873,"Jobs3013":196}},{"type":"Feature","geometry":{"type":"Polygon","coordinates":[[[-71.416359643199044,41.805199597516271],[-71.41619964346863,41.80482159710597],[-71.416031642508429,41.804406597308322],[-71.415741643340738,41.803734596731658],[-71.41552764294002,41.803227596821522],[-71.415115643108081,41.80228159692151],[-71.414688642988864,41.801251596612516],[-71.413925642548406,41.801411596533185],[-71.413849642404799,41.801426596909849],[-71.413124642383082,41.801590596811664],[-71.412399641639894,41.801758596859429],[-71.411774641905296,41.80190759629258],[-71.411682641280933,41.801926596675983],[-71.411018641345692,41.802048596720006],[-71.410233641374361,41.802224596468299],[-71.410690641606834,41.803296596966625],[-71.411247641820125,41.803170597041188],[-71.411484641009991,41.803112597014369],[-71.411774641442349,41.803803596637472],[-71.412117641344935,41.804596597139209],[-71.412399642339224,41.805256597287574],[-71.412445642199415,41.805378597294741],[-71.412552641474079,41.805626597183227],[-71.412735642034789,41.80603459790099],[-71.413109642725885,41.805947597660442],[-71.413956641870612,41.805752596990033],[-71.41481064316433,41.805565597506337],[-71.415703642880402,41.805348597457524],[-71.416359643199044,41.805199597516271]]]},"properties":{"TAZ":"716","Municipali":"Providence","SqMi":0.059729999999999998,"Prod2015":2677.1760250000002,"Attrac2015":986.21464600000002,"Jobs3013":63}},{"type":"Feature","geometry":{"type":"Polygon","coordinates":[[[-71.406685639566902,41.8031125968566],[-71.406822639439042,41.803681597049454],[-71.406929639912732,41.804100597190029],[-71.407043640106153,41.804654597581042],[-71.407051640688678,41.804715597784565],[-71.407135640733841,41.805207597750496],[-71.407166640626585,41.80535959707025],[-71.407219640694535,41.805760597634332],[-71.407227640319093,41.805947597174949],[-71.40724263986705,41.806557597740827],[-71.407249639914198,41.806889597518129],[-71.407249640429797,41.807320597787694],[-71.40878364068891,41.806958598157799],[-71.409981640888617,41.806687597361012],[-71.410881641773997,41.806473597956163],[-71.411433641188623,41.806342597323273],[-71.411926641648051,41.806225597765362],[-71.412735642034789,41.80603459790099],[-71.412552641474079,41.805626597183227],[-71.412445642199415,41.805378597294741],[-71.412399642339224,41.805256597287574],[-71.412117641344935,41.804596597139209],[-71.411774641442349,41.803803596637472],[-71.411484641009991,41.803112597014369],[-71.411247641820125,41.803170597041188],[-71.410690641606834,41.803296596966625],[-71.410233641374361,41.802224596468299],[-71.409798641388804,41.802353597263405],[-71.409485641257533,41.802449596876883],[-71.408783640400017,41.802616597314731],[-71.408119640418789,41.802773596733417],[-71.408096640158433,41.802781596792627],[-71.407417640666267,41.802941597198227],[-71.406685639566902,41.8031125968566]]]},"properties":{"TAZ":"733","Municipali":"Providence","SqMi":0.13862342,"Prod2015":3451.2524410000001,"Attrac2015":2867.3356480000002,"Jobs3013":360}},{"type":"Feature","geometry":{"type":"Polygon","coordinates":[[[-71.412895642229259,41.81003659811585],[-71.412796642624173,41.810051598337061],[-71.41120964180287,41.810234598092165],[-71.411705641762651,41.811554598959596],[-71.411721641620076,41.811533598177576],[-71.411781642589006,41.811509598839933],[-71.412575642196117,41.811360598723013],[-71.412758642252271,41.811329598618727],[-71.41287264287655,41.811303598630957],[-71.412994643031951,41.811283598164721],[-71.413055643060147,41.811261598576429],[-71.41310964272364,41.811230598345205],[-71.413200642280728,41.811158598370383],[-71.413246641974155,41.811081598062721],[-71.413330642370184,41.811131598030578],[-71.414017642994295,41.811413598065734],[-71.415268642739179,41.811856598120187],[-71.415497642756421,41.810814598558352],[-71.415665643310533,41.80996459835837],[-71.414360642539236,41.80987259844045],[-71.414246642422583,41.809872598032328],[-71.412895642229259,41.81003659811585]]]},"properties":{"TAZ":"736","Municipali":"Providence","SqMi":0.091317019999999999,"Prod2015":5877.6826170000004,"Attrac2015":20637.531070000001,"Jobs3013":3667}},{"type":"Feature","geometry":{"type":"Polygon","coordinates":[[[-71.407585641551336,41.829155601730776],[-71.406822641321369,41.828850602323357],[-71.406860640937154,41.829487602313527],[-71.406998641412088,41.83049860206448],[-71.405602641225158,41.830597602637596],[-71.404999641383867,41.830635602212531],[-71.403679640618236,41.830696602925137],[-71.401001639618457,41.830849602190234],[-71.401077640289444,41.83149060259526],[-71.40116963994069,41.832222603059421],[-71.401175640085455,41.832261602784733],[-71.401283640215325,41.832985602911492],[-71.401321639753931,41.833638603275098],[-71.401367640159052,41.834072603142836],[-71.401466640538928,41.83483260326561],[-71.40152763989478,41.835324603018279],[-71.401550640305899,41.835621603740059],[-71.401566640298455,41.835694603353446],[-71.401566639970909,41.835717603387977],[-71.402138639831563,41.835701603335551],[-71.404106640978853,41.835671603623297],[-71.405441640802167,41.835614603425384],[-71.405350641292429,41.834774603063551],[-71.405289640938165,41.834206603233397],[-71.405167641105422,41.834118603454108],[-71.406364642124032,41.834034603397676],[-71.407433641893348,41.834011602751531],[-71.407600641522734,41.83400860312819],[-71.408088641943067,41.834005603059978],[-71.408363642484019,41.833925602627296],[-71.408356642277923,41.833691602712307],[-71.408310641561272,41.832978602427161],[-71.408279642184525,41.832688602963131],[-71.408203642530495,41.831963602248983],[-71.408028641404584,41.83102560285959],[-71.407906642269523,41.830414602722158],[-71.407890641597675,41.830334601987389],[-71.407608641593683,41.829384602560019],[-71.407585641551336,41.829155601730776]]]},"properties":{"TAZ":"922","Municipali":"Providence","SqMi":0.11180129,"Prod2015":3175.3562010000001,"Attrac2015":1378.1597380000001,"Jobs3013":123}},{"type":"Feature","geometry":{"type":"Polygon","coordinates":[[[-71.400551641029011,41.854184607181459],[-71.400108640134476,41.854054606922709],[-71.399490640607922,41.853852607007823],[-71.39863664054225,41.853562606751616],[-71.397850639371242,41.853306606866347],[-71.396782639198662,41.85294860703668],[-71.396149639875276,41.852730607283348],[-71.395714639068288,41.852753606568356],[-71.395142639260087,41.85277660706695],[-71.39314363775415,41.852906607157031],[-71.392601638444887,41.852776607322873],[-71.391037638031037,41.852333607132692],[-71.390915637571467,41.85229960721059],[-71.390266637683709,41.852124606655131],[-71.389949637392846,41.85229160728872],[-71.38959563755067,41.852478607546509],[-71.38889363705006,41.852795607644872],[-71.38900063749054,41.852875606851065],[-71.389305636826464,41.853123606830316],[-71.389679637200345,41.853489607190106],[-71.389809636738804,41.853638606899473],[-71.390152637528089,41.854039607082136],[-71.390244637174035,41.854168607708232],[-71.390297637204114,41.854233607612144],[-71.390442637842568,41.854458607389041],[-71.390610637819577,41.854706607230213],[-71.390785637660613,41.85501160737433],[-71.390999637559744,41.855442607405848],[-71.391373637406915,41.85617560737672],[-71.39144963838028,41.856228608108268],[-71.391266638069638,41.856602607820797],[-71.391243638182402,41.856659607842211],[-71.391212638362063,41.856713607569191],[-71.392355638216358,41.85700760834586],[-71.392868638210757,41.857186608128728],[-71.394138638584295,41.857089607781361],[-71.395578638935362,41.857002607631152],[-71.399437640476634,41.856835607882239],[-71.399447641129768,41.856818607514853],[-71.399521640420659,41.856625607201316],[-71.399635641169979,41.856358607267353],[-71.399902640263036,41.855767607502763],[-71.399933640327916,41.855687607350369],[-71.400032640693013,41.855458606948396],[-71.400116640895561,41.855240607205644],[-71.400291640848678,41.85483660699127],[-71.400436641269053,41.854496606908107],[-71.400551641029011,41.854184607181459]]]},"properties":{"TAZ":"895","Municipali":"Providence","SqMi":0.13707785,"Prod2015":5351.9497069999998,"Attrac2015":3620.338839,"Jobs3013":442}},{"type":"Feature","geometry":{"type":"Polygon","coordinates":[[[-71.401001639618457,41.830849602190234],[-71.400902639679444,41.830040602897505],[-71.400787639242054,41.829174602628356],[-71.400719639044269,41.828644602495935],[-71.400703639961364,41.828541602475823],[-71.400673639542646,41.828263602226457],[-71.400650639964155,41.8281066018967],[-71.399467639298479,41.828217601860423],[-71.399445638809695,41.828225601925112],[-71.398773638367445,41.828286602114133],[-71.397507637858311,41.828408602695148],[-71.395638637848066,41.828732602262299],[-71.395477637233853,41.828759602002251],[-71.394821636917015,41.828869602677813],[-71.393936637082319,41.829022602863752],[-71.393127636669774,41.829182602270507],[-71.39216663644217,41.829377602620006],[-71.392372637125874,41.829987602575621],[-71.392479636797134,41.830315602588811],[-71.392807636400832,41.830895603065173],[-71.393623636987627,41.832322603359707],[-71.393967636974295,41.832913602871734],[-71.394302637209492,41.833493603483419],[-71.395294637408213,41.833313603411469],[-71.395325638090156,41.833310602926829],[-71.395554637440128,41.833279602945858],[-71.395645638248695,41.833245603343862],[-71.396999638465005,41.832541602933063],[-71.397667638213449,41.833844603381017],[-71.397705638421158,41.834343603786863],[-71.397812639229841,41.834919603935688],[-71.397873638920615,41.835007603212411],[-71.398026639137186,41.835095603134739],[-71.398048638818423,41.835080603222586],[-71.398094639036685,41.835072603121425],[-71.398186639362876,41.835072603672408],[-71.398972638843304,41.835022603217169],[-71.399979639101076,41.834931603161962],[-71.400239639683022,41.834914603091377],[-71.401466640538928,41.83483260326561],[-71.401367640159052,41.834072603142836],[-71.401321639753931,41.833638603275098],[-71.401283640215325,41.832985602911492],[-71.401175640085455,41.832261602784733],[-71.40116963994069,41.832222603059421],[-71.401077640289444,41.83149060259526],[-71.401001639618457,41.830849602190234]]]},"properties":{"TAZ":"917","Municipali":"Providence","SqMi":0.21827282000000001,"Prod2015":2831.9187010000001,"Attrac2015":4384.7057539999996,"Jobs3013":591}},{"type":"Feature","geometry":{"type":"Polygon","coordinates":[[[-71.408730642081409,41.826943601287191],[-71.408278642339454,41.826215601319134],[-71.408197641667741,41.826084601136515],[-71.408150641307543,41.826008601017548],[-71.40783764129398,41.825650601290491],[-71.407814641525178,41.82561560104012],[-71.407318641791321,41.824974601253544],[-71.406349641494074,41.825341601419467],[-71.406204640707458,41.825169601070044],[-71.40554064034049,41.825215600943537],[-71.404510640292429,41.825261601235077],[-71.404121640757836,41.825283601136888],[-71.403557640459027,41.825314601282017],[-71.402756639865117,41.825364601617551],[-71.400368639310813,41.825543601864844],[-71.400452638895658,41.82637460165185],[-71.400500639024557,41.826901602005165],[-71.400536639074105,41.827290602294688],[-71.400581638802123,41.82763760230614],[-71.400589639852939,41.827694601606851],[-71.400650639964155,41.8281066018967],[-71.402374640239756,41.827961602019073],[-71.403183640370329,41.827866602260279],[-71.404236640033602,41.827782601842998],[-71.404808640253592,41.827729601620007],[-71.405585640463514,41.827684601975513],[-71.405663641496147,41.827679601650622],[-71.405876641568724,41.827668602265156],[-71.40668564104142,41.827603601449582],[-71.407646641378719,41.827523601443218],[-71.407509641950753,41.827259601758747],[-71.408730642081409,41.826943601287191]]]},"properties":{"TAZ":"923","Municipali":"Providence","SqMi":0.14512267000000001,"Prod2015":10822.068359999999,"Attrac2015":37084.887609999998,"Jobs3013":6619}},{"type":"Feature","geometry":{"type":"Polygon","coordinates":[[[-71.390968636132314,41.82959060297636],[-71.390854636060752,41.828911602200726],[-71.390854636176883,41.828884602833497],[-71.390747635831573,41.82818660235958],[-71.390602636088431,41.827221602315156],[-71.390503635736806,41.826546601899075],[-71.389511635992278,41.826638602173304],[-71.388489635330885,41.826725602088572],[-71.38759663459183,41.826809602235002],[-71.386864634347035,41.826817602514801],[-71.385933634946539,41.82680960244258],[-71.385742634776349,41.827420602560196],[-71.385740634639944,41.827438602854244],[-71.385498634290883,41.828087602791832],[-71.385269633804285,41.828785602577248],[-71.385259634983683,41.828802602695717],[-71.385033634312947,41.829483602918138],[-71.384811634263542,41.830147602826358],[-71.38459063475581,41.830807603027679],[-71.385582634308605,41.830620602876515],[-71.385674634480537,41.830605602999427],[-71.387901635328589,41.830162602832665],[-71.388245635091593,41.830094603199811],[-71.389320636116636,41.829903602634474],[-71.390152635882117,41.829747602747986],[-71.390928636673692,41.829602602534649],[-71.390968636132314,41.82959060297636]]]},"properties":{"TAZ":"914","Municipali":"Providence","SqMi":0.066571729999999996,"Prod2015":3253.2927249999998,"Attrac2015":5645.7235110000001,"Jobs3013":416}},{"type":"Feature","geometry":{"type":"Polygon","coordinates":[[[-71.407318641791321,41.824974601253544],[-71.407120641066811,41.824719601070782],[-71.406868641479903,41.824318600883082],[-71.40686064137104,41.824295601518557],[-71.406731641728953,41.824086600904231],[-71.406654641637957,41.823990600845576],[-71.406433641306975,41.823780601340857],[-71.406166641013115,41.823506600987834],[-71.405869641141635,41.823201601026447],[-71.404579640290891,41.823510601199864],[-71.404404640919694,41.823346601033741],[-71.403908640307705,41.822831600573629],[-71.403168639711183,41.822060600473385],[-71.402840640305413,41.822197601085946],[-71.402763639174736,41.822220600846762],[-71.402657639658955,41.822235600773837],[-71.402420639187682,41.822258600563288],[-71.402069639280043,41.822266601205747],[-71.40190964003169,41.822266600645527],[-71.401261639594921,41.82229660123474],[-71.401009639752331,41.822308601069686],[-71.400900639608949,41.822314600590865],[-71.400215638530597,41.822349600756098],[-71.399994638426065,41.822361600978567],[-71.400040638356458,41.822964601452739],[-71.400059638642873,41.823141601419003],[-71.4001216390688,41.823689601329569],[-71.400146638803577,41.823918601102456],[-71.400269638735878,41.824768601709323],[-71.400315638641359,41.825120601531324],[-71.400368639310813,41.825543601864844],[-71.402756639865117,41.825364601617551],[-71.403557640459027,41.825314601282017],[-71.404121640757836,41.825283601136888],[-71.404510640292429,41.825261601235077],[-71.40554064034049,41.825215600943537],[-71.406204640707458,41.825169601070044],[-71.406349641494074,41.825341601419467],[-71.407318641791321,41.824974601253544]]]},"properties":{"TAZ":"921","Municipali":"Providence","SqMi":0.061172869999999997,"Prod2015":1160.7998050000001,"Attrac2015":2140.018579,"Jobs3013":354}},{"type":"Feature","geometry":{"type":"Polygon","coordinates":[[[-71.401894641193877,41.84479660528109],[-71.401855640308398,41.844899605580991],[-71.401489640485266,41.845410605089512],[-71.401413640621271,41.845520605118502],[-71.401077640556394,41.845986605880064],[-71.400772640528857,41.846405606037294],[-71.400734640809475,41.846463605281919],[-71.401375640379186,41.846516605640119],[-71.403671640998496,41.846661605829269],[-71.404602642328769,41.846730605809306],[-71.405052642244002,41.846768605520261],[-71.405357642484134,41.846260605674011],[-71.405495642582792,41.846043604979755],[-71.405640641860572,41.845787605486265],[-71.405777641670767,41.845543605223263],[-71.40594564241303,41.845242605560898],[-71.406151641734994,41.844887604790323],[-71.40644164247739,41.84436860463132],[-71.406685642705526,41.843949604546715],[-71.40695264290143,41.843472604842653],[-71.407066642849728,41.8432776049479],[-71.407379642289783,41.842720605050658],[-71.407402642910768,41.84269060456085],[-71.407618642725495,41.84232860443727],[-71.407318642054264,41.84199560450994],[-71.407013642460711,41.842015604789403],[-71.404816641631299,41.842205604945342],[-71.403465640674654,41.842308605063032],[-71.402893641131058,41.8421296050035],[-71.402504640938247,41.84296560476993],[-71.402481640484865,41.843052604603898],[-71.402344640544939,41.843521605110553],[-71.402176640872923,41.84399560469798],[-71.402016640414374,41.844437604756699],[-71.402008640404588,41.844460605134536],[-71.401894641193877,41.84479660528109]]]},"properties":{"TAZ":"894","Municipali":"Providence","SqMi":0.071591059999999998,"Prod2015":3599.4396969999998,"Attrac2015":2204.5018890000001,"Jobs3013":251}},{"type":"Feature","geometry":{"type":"Polygon","coordinates":[[[-71.397995640142838,41.846825605870684],[-71.397957639797454,41.847500605484825],[-71.397926640035692,41.848133606049942],[-71.397919640169221,41.848221605876319],[-71.397896639281015,41.848778606201748],[-71.397888640159479,41.84891260599148],[-71.397880640072927,41.849064606192329],[-71.397873640036607,41.849205606073689],[-71.397537639948283,41.849553606261331],[-71.397484639877575,41.849602606564673],[-71.397034638913112,41.85009860688141],[-71.398247640025119,41.850533606440308],[-71.399117639584617,41.85083860627158],[-71.400093640961927,41.851166606188684],[-71.400436640856412,41.850563606223417],[-71.401512641349086,41.850922606364243],[-71.402306640923726,41.851200606702832],[-71.402473640783683,41.850922606143314],[-71.402672641448177,41.850575606412555],[-71.403030641973231,41.849984606515839],[-71.403358641440335,41.849453606494883],[-71.403488641481019,41.849228605721557],[-71.403656641381474,41.848954606177571],[-71.403870641473787,41.848587605961633],[-71.404289641721206,41.847988605761827],[-71.404671641366122,41.847405605553604],[-71.40475564236641,41.847271605275438],[-71.405052642244002,41.846768605520261],[-71.404602642328769,41.846730605809306],[-71.403671640998496,41.846661605829269],[-71.401375640379186,41.846516605640119],[-71.400734640809475,41.846463605281919],[-71.400269639963227,41.846508605544379],[-71.399300640424357,41.846630605604929],[-71.398323639445934,41.846768605586092],[-71.397995640142838,41.846825605870684]]]},"properties":{"TAZ":"897","Municipali":"Providence","SqMi":0.1235469,"Prod2015":3219.8439939999998,"Attrac2015":3198.427529,"Jobs3013":440}},{"type":"Feature","geometry":{"type":"Polygon","coordinates":[[[-71.389008636345608,41.841225604656493],[-71.388023636085535,41.84134760498597],[-71.387177636006015,41.841481605322002],[-71.386269635425109,41.841587605095008],[-71.385773635350091,41.841656605436221],[-71.385490634604125,41.841698605286794],[-71.385040634523975,41.841751605204337],[-71.384453634513477,41.841828605462396],[-71.384399634840449,41.841637604956198],[-71.384331635295595,41.841343605266822],[-71.384315634333063,41.841290605216486],[-71.384285635162243,41.841141605224898],[-71.384247634907737,41.840989605338763],[-71.384140635161174,41.840493605259098],[-71.383987634601041,41.839814604646456],[-71.383812634716136,41.839135604908783],[-71.383636634934987,41.838471604335339],[-71.383499634382915,41.837906604485845],[-71.383469634201518,41.837788604618069],[-71.383011634670382,41.837860604544339],[-71.382812634691064,41.837883604296138],[-71.382607633821408,41.837891604248213],[-71.382423633725452,41.837883604725263],[-71.38196663362281,41.837777604761442],[-71.38180563407812,41.837769604472079],[-71.381584633372142,41.837784604265799],[-71.381577633304019,41.837841604626206],[-71.381439633106453,41.838078604889439],[-71.381279633515717,41.838337604497333],[-71.381134633570866,41.838429604986089],[-71.380959633318994,41.838463605073038],[-71.380707633893209,41.838436604515543],[-71.380402633477601,41.838410604329084],[-71.380119633302101,41.838402605135343],[-71.379906633092773,41.838326604831593],[-71.379776633216352,41.838242605102032],[-71.379692632909936,41.838124604446357],[-71.379669632822797,41.838005604346442],[-71.379692632787624,41.837883604784956],[-71.379761633040914,41.837723604209089],[-71.379799632697853,41.837563604463703],[-71.379852632557501,41.837189604721686],[-71.37986863313138,41.837006604406625],[-71.37985263328369,41.836888604713536],[-71.379807633299762,41.836743604156482],[-71.379570633513012,41.836323604033161],[-71.379333632270587,41.835999604618614],[-71.379128633148639,41.836002604193283],[-71.379189633098676,41.836096604218127],[-71.379295632326816,41.836234604197472],[-71.379383632695436,41.836332604775542],[-71.37955063301952,41.836547604218893],[-71.379618633279918,41.836665604449301],[-71.379729633263651,41.836918604895473],[-71.37974663306565,41.837004604047578],[-71.379738633060512,41.837157604466441],[-71.379709633183211,41.837340604651132],[-71.379609632588554,41.837806604682918],[-71.37955063305985,41.837966604848241],[-71.379546633102819,41.838042604450877],[-71.379554632493537,41.838124604780241],[-71.379576632920944,41.838211604956136],[-71.379638632857024,41.8383446047756],[-71.379807632612994,41.83856560481513],[-71.379924633453342,41.83875360510411],[-71.379995633558806,41.838791605117351],[-71.380023632811728,41.838822605073702],[-71.380042633295545,41.838859604477889],[-71.380046632812991,41.838899605245004],[-71.380037633612417,41.838931604643307],[-71.380024633407245,41.838947604467073],[-71.3800036326721,41.8389566048116],[-71.379971633661967,41.838956604691361],[-71.379831633207019,41.838923605000517],[-71.379761633583215,41.83892160502603],[-71.379718633292555,41.83893160507116],[-71.379617632539478,41.838994604814538],[-71.379578633630018,41.839003605124375],[-71.379515633120107,41.839002604509218],[-71.379470632555766,41.839009605139971],[-71.379428633150653,41.839029605273907],[-71.379388633180909,41.839062604762702],[-71.379353632527923,41.839105605034241],[-71.379268632933574,41.839334604771985],[-71.379173632737491,41.839664604562998],[-71.379165633349785,41.839730605278234],[-71.379171632880215,41.839881605355686],[-71.379214632649663,41.840106605246376],[-71.379258633459841,41.840279605388076],[-71.379262632896953,41.840331604966373],[-71.379214633460251,41.840564604983932],[-71.379182632916454,41.840638605154368],[-71.379136633553856,41.840710605342473],[-71.379026633464804,41.840831605598204],[-71.378751633150074,41.841094605726241],[-71.378730632740115,41.841103604934439],[-71.37863563286264,41.841105605084749],[-71.378583632368645,41.841120605566765],[-71.378446633061884,41.841199605702577],[-71.378327632335044,41.841276605284513],[-71.378194632559072,41.841330605193519],[-71.378170632767265,41.841346605740455],[-71.378128633319804,41.841398605169353],[-71.378044633252472,41.841441605244633],[-71.377996633126699,41.841477605566567],[-71.377939633027552,41.841544605712244],[-71.377876633127769,41.841637605684262],[-71.377819632833067,41.841697605648157],[-71.377712632149624,41.841798605027506],[-71.377700633141984,41.841820605491371],[-71.37769563220013,41.841845605225167],[-71.377705632818049,41.841900605753615],[-71.377745632164675,41.841987605576861],[-71.377837632513348,41.842115605323976],[-71.377862632671921,41.842174605778609],[-71.377991632383882,41.842698605683886],[-71.37803363315696,41.842817605491256],[-71.378228632342768,41.843168606102367],[-71.378239632340907,41.843210605868251],[-71.378229632576165,41.843252605880657],[-71.378200633262253,41.843297605476153],[-71.378136632765546,41.843369605947494],[-71.378011632281527,41.843476606128405],[-71.377795632845249,41.843600605886159],[-71.377688632596573,41.843670605717101],[-71.377613632597644,41.843731605569836],[-71.377582633300918,41.843782605418909],[-71.377577632659964,41.843808605413287],[-71.377579632203634,41.843836606213635],[-71.377604633192036,41.84389160561166],[-71.377689633220214,41.844000606275095],[-71.377718632858745,41.844057605950873],[-71.377747632652515,41.844150605578086],[-71.377778633253243,41.844204605644727],[-71.377844632913522,41.844266605505489],[-71.377901633441866,41.844335605782675],[-71.377979632401036,41.844398605988232],[-71.378111633039907,41.844452606071499],[-71.378223633036214,41.844520605741089],[-71.378312633186084,41.844553605563206],[-71.378404632437451,41.844576605752174],[-71.378557633300161,41.844596605633683],[-71.378613633167333,41.844614605833542],[-71.378697633675998,41.844655605865618],[-71.378737633115023,41.84469060636696],[-71.378748633097402,41.844710606350276],[-71.378753632589081,41.844752606023761],[-71.378748633001535,41.844770605675748],[-71.378723633250274,41.844801605779224],[-71.378693633277493,41.844828605803478],[-71.378691633020779,41.844846605919258],[-71.378707632959774,41.844895605622767],[-71.378861633286149,41.845135606070919],[-71.378916632839704,41.84524060637758],[-71.379061633725911,41.8455416065514],[-71.379096633468905,41.845645606139222],[-71.379158633800103,41.845886605893163],[-71.379174633516541,41.84608260613377],[-71.379203633397253,41.846190605864287],[-71.379204632897952,41.846245606658229],[-71.379170633240733,41.846333606678343],[-71.379112633622299,41.846424606560504],[-71.379063633181062,41.846478606665883],[-71.378976633573643,41.846553606676146],[-71.378847633283655,41.846642606671132],[-71.378410633354676,41.846898606574257],[-71.378050633542728,41.847133606109146],[-71.377934633014945,41.847189606245585],[-71.37777563283548,41.847254606193495],[-71.377708633288151,41.847295606412651],[-71.377654632377997,41.847346606966703],[-71.377590632751591,41.847441606167898],[-71.377546633387055,41.847519606702576],[-71.383499634827643,41.848351606887682],[-71.384251634889793,41.84753260669698],[-71.384705635620051,41.846615606342894],[-71.384933635494718,41.846608606173838],[-71.385117635750859,41.84658960598847],[-71.385292635988876,41.846550606354931],[-71.385460634926687,41.846493606252906],[-71.38573563565464,41.846383606063554],[-71.385803635055339,41.846360606172709],[-71.385918635064826,41.846325606432444],[-71.386047635950433,41.846299605823788],[-71.386230635364072,41.846291605871059],[-71.386611636069574,41.846307606148727],[-71.386632635315024,41.846181605903581],[-71.386734635759467,41.845566605730532],[-71.387009636104494,41.845528605976398],[-71.387215635663523,41.845547605656279],[-71.388214636737573,41.84565460584907],[-71.388878636145535,41.845726606298754],[-71.389061636931345,41.845753606014206],[-71.389191636394145,41.845814605942252],[-71.389191637176268,41.844921605432859],[-71.389191636079957,41.844803605525385],[-71.389198636575685,41.844304605230953],[-71.389198635967063,41.84415560582039],[-71.389198636135376,41.843487605511562],[-71.389198636343124,41.842842605130016],[-71.389183636037259,41.842270604830119],[-71.389145636487768,41.841904605495422],[-71.389130636145012,41.841813604760965],[-71.389091635968427,41.841545605202164],[-71.389008636345608,41.841225604656493]]]},"properties":{"TAZ":"905","Municipali":"Providence","SqMi":0.37724150000000001,"Prod2015":4162.828125,"Attrac2015":7427.8272850000003,"Jobs3013":1230}},{"type":"Feature","geometry":{"type":"Polygon","coordinates":[[[-71.400101639622946,41.8387766038135],[-71.399826639941793,41.839325604394759],[-71.399643640229527,41.83970360437452],[-71.39930763988221,41.840374604534382],[-71.398987639163423,41.841027604656638],[-71.40023063943687,41.841389604670056],[-71.40085664051324,41.84156560438835],[-71.40179464070961,41.841820605037782],[-71.402893641131058,41.8421296050035],[-71.403290640811463,41.841359604342188],[-71.403351640500219,41.841240604104271],[-71.403595640930263,41.840771604727379],[-71.404022641484957,41.839856604685657],[-71.404037640846198,41.839814603874537],[-71.404060640676164,41.839722604105056],[-71.404068641337588,41.839688604143639],[-71.404190641140232,41.838807604216157],[-71.403030640549829,41.838791604177771],[-71.401566640815005,41.838787603919315],[-71.400101639622946,41.8387766038135]]]},"properties":{"TAZ":"883","Municipali":"Providence","SqMi":0.085152510000000001,"Prod2015":2179.8901369999999,"Attrac2015":3297.7256809999999,"Jobs3013":546}},{"type":"Feature","geometry":{"type":"Polygon","coordinates":[[[-71.397034638913112,41.85009860688141],[-71.39662963930823,41.850705606864992],[-71.396233639529413,41.851303606528532],[-71.395958639406643,41.851731606847366],[-71.395836639207346,41.851906607019373],[-71.395798638979343,41.851895606466165],[-71.395714639068288,41.852753606568356],[-71.396149639875276,41.852730607283348],[-71.396782639198662,41.85294860703668],[-71.397850639371242,41.853306606866347],[-71.39863664054225,41.853562606751616],[-71.399490640607922,41.853852607007823],[-71.400108640134476,41.854054606922709],[-71.400551641029011,41.854184607181459],[-71.40061264046922,41.854039606989907],[-71.400650641003907,41.853971606941414],[-71.400864640597447,41.853592606684792],[-71.400909641300231,41.853512606616789],[-71.401029641287863,41.85333060737603],[-71.40126064070229,41.852982606924556],[-71.401299640585194,41.852925606903952],[-71.401370640972885,41.852808607196273],[-71.4016196409153,41.852394607054812],[-71.401726640933049,41.8522236070161],[-71.401955641027783,41.851796607052307],[-71.401993641369913,41.851735606640517],[-71.402077640628974,41.851574606460709],[-71.402306640923726,41.851200606702832],[-71.401512641349086,41.850922606364243],[-71.400436640856412,41.850563606223417],[-71.400093640961927,41.851166606188684],[-71.399117639584617,41.85083860627158],[-71.398247640025119,41.850533606440308],[-71.397034638913112,41.85009860688141]]]},"properties":{"TAZ":"899","Municipali":"Providence","SqMi":0.41272043000000003,"Prod2015":6309.5693359999996,"Attrac2015":18924.654839999999,"Jobs3013":3283}},{"type":"Feature","geometry":{"type":"Polygon","coordinates":[[[-71.38459063475581,41.830807603027679],[-71.384811634263542,41.830147602826358],[-71.385033634312947,41.829483602918138],[-71.385259634983683,41.828802602695717],[-71.385269633804285,41.828785602577248],[-71.385498634290883,41.828087602791832],[-71.385740634639944,41.827438602854244],[-71.385742634776349,41.827420602560196],[-71.385933634946539,41.82680960244258],[-71.3849876346207,41.826828602591654],[-71.384117634160461,41.826821602317978],[-71.38296563334562,41.82682160213912],[-71.382896633772447,41.826825602253578],[-71.381813632634092,41.826836602665232],[-71.38166863362818,41.826859602014522],[-71.381592632636824,41.826905602165624],[-71.381493632835685,41.82723360262402],[-71.381462632909773,41.827229602843637],[-71.381401633227455,41.827240602349384],[-71.381355632599025,41.827271602146332],[-71.381348632617758,41.827320602183079],[-71.381041632965193,41.82730660221366],[-71.381054632661829,41.827363602648539],[-71.38143663345798,41.827482602854296],[-71.381393632673635,41.827702602268637],[-71.381210632719799,41.828171602418507],[-71.38101263281952,41.828576603205647],[-71.380920633187543,41.828656602934586],[-71.380798632581701,41.828705602498474],[-71.380669632967368,41.828732602980473],[-71.380478633248586,41.828751603235432],[-71.380287632186153,41.828781602613191],[-71.380135632330521,41.828827602686474],[-71.380020633000129,41.828869603189915],[-71.379906632757837,41.82897660279594],[-71.379852632421219,41.829117603336506],[-71.379844632663662,41.829183603320388],[-71.379817632699087,41.829402603231301],[-71.37973063313764,41.829403603386048],[-71.379608632930484,41.829403603434514],[-71.379597632300445,41.829533602644958],[-71.379583632125232,41.829975603036672],[-71.379566632880326,41.830139603540388],[-71.379561632615051,41.830257603003652],[-71.379526632831869,41.830376602793379],[-71.379460632435809,41.830504603142032],[-71.379362632493596,41.83066060369498],[-71.379244632533073,41.830824603354003],[-71.379110632773134,41.831026603750573],[-71.378743632018086,41.831486603288667],[-71.378524631964851,41.831784603652295],[-71.378366632763957,41.831969603681571],[-71.378132632509235,41.83220760323654],[-71.3779826325855,41.832436603547009],[-71.377965632491296,41.832449603481223],[-71.377909631752033,41.832446603467979],[-71.377894632178993,41.832468603500303],[-71.377753631712707,41.832768603849281],[-71.37780763185593,41.832778603742],[-71.37778463224241,41.83281660416506],[-71.377723632437693,41.83299660332014],[-71.377705631910956,41.833112603557311],[-71.377700632755392,41.833292603776179],[-71.377740632221105,41.83364560417219],[-71.377784632792498,41.833815604243952],[-71.377856631687564,41.833989603660072],[-71.3779856323969,41.834263603825661],[-71.378107631819546,41.83445860433887],[-71.378277632236617,41.834665603978507],[-71.378323631987811,41.834680603728515],[-71.378385633067921,41.834745604471934],[-71.378676632346085,41.834994604475249],[-71.378753632251133,41.835073604007484],[-71.378822632299858,41.835184603865258],[-71.37884063291169,41.835237604143934],[-71.378902632118766,41.835476603919027],[-71.37899063225008,41.835765604301798],[-71.379034633271829,41.835858604234907],[-71.379128633148639,41.836002604193283],[-71.379333632270587,41.835999604618614],[-71.37967763288502,41.835999604436374],[-71.379921632812781,41.835965604609484],[-71.380257632586691,41.835873604101245],[-71.380547633511696,41.835774604173764],[-71.380989632815727,41.835617603763637],[-71.381546633122284,41.835461604428495],[-71.381828634004137,41.835377604344096],[-71.38204263428895,41.835297604184341],[-71.38240163344706,41.835129603667106],[-71.38260763339558,41.834999603889891],[-71.382965634571903,41.834744603611476],[-71.383156634177155,41.834565603760019],[-71.383415634283324,41.834275604204628],[-71.38348463436742,41.834224603432155],[-71.383621633884474,41.833783603597702],[-71.383632633735132,41.833765603474852],[-71.383842634661988,41.832997603255556],[-71.384064634184796,41.832341603261852],[-71.384171633756139,41.832032603387681],[-71.384323634349755,41.831585603408271],[-71.38459063475581,41.830807603027679]]]},"properties":{"TAZ":"915","Municipali":"Providence","SqMi":0.2281802,"Prod2015":2312.376953,"Attrac2015":1875.201746,"Jobs3013":255}},{"type":"Feature","geometry":{"type":"MultiPolygon","coordinates":[[[[-71.393631636350989,41.820137600871689],[-71.393791636826649,41.82016060045391],[-71.393929637189231,41.820160601012866],[-71.394432637483987,41.820118600705733],[-71.394577637152508,41.820073600700134],[-71.394997637531546,41.819939600557696],[-71.395416636898759,41.819817600403809],[-71.395624636826128,41.819749600493459],[-71.39602763756794,41.819619600249382],[-71.39620263734902,41.819600600161365],[-71.396324637105778,41.819588600751928],[-71.396935637860352,41.819561600140233],[-71.398262637560009,41.81948560045231],[-71.399025638097385,41.819435600692856],[-71.399086637772413,41.819435600274637],[-71.399208637916402,41.819413600420368],[-71.399399637943759,41.819371600394781],[-71.399696638958332,41.81929160014554],[-71.399750639031637,41.819279600726134],[-71.400414638200331,41.819165600022849],[-71.400566638363884,41.819153600502219],[-71.400839638853682,41.819047600789865],[-71.400923638801288,41.819015600433794],[-71.401337639464117,41.818856600058034],[-71.401533639543771,41.81877860065201],[-71.40167263963869,41.81872659989174],[-71.40176663921703,41.818687600124441],[-71.401955638688463,41.818615600181978],[-71.402405639624519,41.818482600594479],[-71.402744639455534,41.81838159976536],[-71.402777639881279,41.818375599918049],[-71.402817639576242,41.818348600132865],[-71.402876639841352,41.818322600471994],[-71.400915638986703,41.815985599869734],[-71.400600638886218,41.815679599802458],[-71.400446638276847,41.81552059944692],[-71.39932763777098,41.814592599592956],[-71.395260636687425,41.817495600325685],[-71.391616635265407,41.817733600532307],[-71.390399635328095,41.817108600586813],[-71.387899634346695,41.816808600301236],[-71.387662634991443,41.817792600702845],[-71.387424634731346,41.818775600985973],[-71.388588635223485,41.818762600442497],[-71.388587634702219,41.81882460052914],[-71.38859763484443,41.818859601065313],[-71.388642635334449,41.818926600327096],[-71.388666635493948,41.818950600560562],[-71.388961634991489,41.818956600549029],[-71.389320635006868,41.818963600516156],[-71.389320634732883,41.819291600890864],[-71.3893286352925,41.819409600928161],[-71.389359635122887,41.819458601211345],[-71.389542635539684,41.819584600808433],[-71.389496635799588,41.819851601157737],[-71.389580635497879,41.820420600739837],[-71.389580634863535,41.820454601193049],[-71.390152636100026,41.820420600827475],[-71.39068663525957,41.820378600647359],[-71.391220635677115,41.820332600474195],[-71.391724635673825,41.820285600778618],[-71.391800636091446,41.820279600492412],[-71.392185636324001,41.820247600641224],[-71.393414636379418,41.820146601213871],[-71.393532636727372,41.82013760099462],[-71.393631636350989,41.820137600871689]]],[[[-71.390699634866678,41.815308599584689],[-71.391599635126397,41.815608599729295],[-71.391999635834935,41.815508600151041],[-71.391799635822352,41.814708600128832],[-71.391599635973861,41.814908599757416],[-71.391099635107011,41.815208599533172],[-71.390699634866678,41.815308599584689]]]]},"properties":{"TAZ":"926","Municipali":"Providence","SqMi":0.20150825999999999,"Prod2015":2676.8686520000001,"Attrac2015":3018.0441420000002,"Jobs3013":246}},{"type":"Feature","geometry":{"type":"Polygon","coordinates":[[[-71.398262637560009,41.81948560045231],[-71.396935637860352,41.819561600140233],[-71.396324637105778,41.819588600751928],[-71.39620263734902,41.819600600161365],[-71.39602763756794,41.819619600249382],[-71.395624636826128,41.819749600493459],[-71.395416636898759,41.819817600403809],[-71.394997637531546,41.819939600557696],[-71.394577637152508,41.820073600700134],[-71.394432637483987,41.820118600705733],[-71.393929637189231,41.820160601012866],[-71.393791636826649,41.82016060045391],[-71.393631636350989,41.820137600871689],[-71.393669637158396,41.820366600723226],[-71.393715636175386,41.820820601204929],[-71.393814636199167,41.821259600549133],[-71.393822636550581,41.821485601447471],[-71.393829637272589,41.821503601217323],[-71.393898636839211,41.821762601009134],[-71.393959637270825,41.822178600977757],[-71.394012636666787,41.822537601076398],[-71.39404363726392,41.822850601375407],[-71.394241637007852,41.822846600855542],[-71.39463863666434,41.822838601509915],[-71.395821637180347,41.822709601136957],[-71.396835637974974,41.822586601555749],[-71.397903638429455,41.822503600819843],[-71.39859063827808,41.82246160075789],[-71.398491638587203,41.821782601034428],[-71.398430638563099,41.821125601252959],[-71.398384637664577,41.820568601034488],[-71.398323638115698,41.819992600188925],[-71.398296638206006,41.819774600254249],[-71.398262637560009,41.81948560045231]]]},"properties":{"TAZ":"928","Municipali":"Providence","SqMi":0.047907169999999999,"Prod2015":3360.594971,"Attrac2015":1265.115002,"Jobs3013":66}},{"type":"Feature","geometry":{"type":"Polygon","coordinates":[[[-71.410980642495247,41.823075600590791],[-71.410698642353523,41.823262601115999],[-71.410576642731556,41.823353600809348],[-71.410278642031926,41.823578601090027],[-71.410080641998121,41.823731601297332],[-71.409912641606411,41.82387260065034],[-71.409798641845128,41.824005601233978],[-71.40970664159947,41.824185601429981],[-71.409698642385152,41.824314601235862],[-71.409691641858174,41.824379601167934],[-71.409691642146299,41.824742601063846],[-71.409686642542326,41.824781600751798],[-71.409668642015944,41.824932601483333],[-71.409653641780139,41.824990601276212],[-71.409516641587587,41.825146601546244],[-71.409454641598344,41.825196601676204],[-71.409409642006324,41.825226601529508],[-71.409340641777987,41.825261600919198],[-71.409019641824813,41.825287601037232],[-71.408943641827491,41.825299600869165],[-71.408813641497758,41.825314600945866],[-71.408730642067695,41.825325601105419],[-71.408636641696674,41.82535960153632],[-71.408685641407573,41.825430601667627],[-71.408755641624822,41.825488601349527],[-71.4087956413033,41.825470601112386],[-71.408988641746816,41.825688601261092],[-71.409122641667523,41.825804601762812],[-71.409307642153848,41.825951601458968],[-71.409501641741628,41.826096601086697],[-71.409983642713712,41.826454601863297],[-71.410011642060027,41.826439601636388],[-71.410049642357336,41.826416601614767],[-71.410149642151225,41.826355601744353],[-71.41028664245313,41.826279601321403],[-71.410782642599614,41.825913601641922],[-71.41102664264568,41.825722601075341],[-71.41151464251314,41.825337601136383],[-71.412048643408355,41.824944601495574],[-71.412491643060903,41.824643600604411],[-71.412697643624881,41.824505601106488],[-71.412766643364776,41.824456601211416],[-71.412575642833133,41.82429960060562],[-71.412555642815079,41.824288601236859],[-71.412354642413419,41.824135600959679],[-71.412308643464641,41.824105600743103],[-71.411667643259037,41.823620600716382],[-71.411583642984439,41.823559601085897],[-71.411339642265233,41.823365600440418],[-71.411011642369473,41.823105600530106],[-71.410980642495247,41.823075600590791]]]},"properties":{"TAZ":"752","Municipali":"Providence","SqMi":0.15750188000000001,"Prod2015":9710.0078130000002,"Attrac2015":34303.386980000003,"Jobs3013":6099}}]}